arm	run	seed_index	Mpower_subject_mean	Mphase_subject_mean	Mpower_reject	Mphase_reject
Mphase_1p5	R1	1	0.000391225217670122	9.47885741331374e-05	0	0
Mphase_1p5	R2	1	0.00105934784445003	-0.000100201419944787	0	0
Mphase_1p5	R1	2	-0.00178074847240899	-0.000151912949944467	0	0
Mphase_1p5	R2	2	0.000524948775503868	-0.000173802600217756	0	0
Mphase_1p5	R1	3	-0.00048222544396863	-4.15555934479912e-05	0	0
Mphase_1p5	R2	3	0.000670742499669569	-2.70348349263334e-05	0	0
Mphase_1p5	R1	4	-0.00169605869012887	-3.51521002926732e-05	0	0
Mphase_1p5	R2	4	0.00119362776846733	-0.000117664498906216	0	0
Mphase_1p5	R1	5	-1.62992011964972e-05	-0.000316657129050271	0	1
Mphase_1p5	R2	5	0.000294338724482405	-0.000188585677372686	0	1
Mphase_1p5	R1	6	-0.000472343484698533	-0.00012016573842288	0	0
Mphase_1p5	R2	6	0.000216679472622174	-0.00016120008644193	0	0
Mphase_1p5	R1	7	0.000345563514742034	6.88411465751597e-05	0	0
Mphase_1p5	R2	7	0.00144724902722119	5.43023673537481e-05	0	0
Mphase_1p5	R1	8	-0.000278608461414717	-0.000198253024746901	0	0
Mphase_1p5	R2	8	0.000637656722536857	-3.67909846957142e-05	0	0
Mphase_1p5	R1	9	0.000149651514742512	-0.000237268649831088	0	0
Mphase_1p5	R2	9	0.000604539608528779	0.000117974153503329	0	0
Mphase_1p5	R1	10	0.000356590860007328	9.21331544592991e-06	0	0
Mphase_1p5	R2	10	0.00177984443090635	-0.000201981519934408	0	0
Mphase_1p5	R1	11	0.000445338914630396	-2.89370469953285e-05	0	0
Mphase_1p5	R2	11	0.000356795982258248	-0.000245761464070822	0	1
Mphase_1p5	R1	12	0.00158915947418166	0.000100971624834245	0	0
Mphase_1p5	R2	12	0.000182518014133563	-0.00019585210840248	0	0
Mphase_1p5	R1	13	0.00113821914624534	-0.000185147172824614	0	0
Mphase_1p5	R2	13	-0.000431214008055903	0.000101683995466693	0	0
Mphase_1p5	R1	14	-0.00139971026026375	-6.11113824154172e-05	0	0
Mphase_1p5	R2	14	-0.00246105623501572	-7.60702066027029e-05	0	0
Mphase_1p5	R1	15	0.000990715624593752	-0.000191729450032114	0	0
Mphase_1p5	R2	15	0.00180002155720481	0.000152414783269024	0	0
Mphase_1p5	R1	16	-0.00111615348949222	-0.00026281506923242	0	1
Mphase_1p5	R2	16	0.00182286348454047	8.40981381238264e-05	0	0
Mphase_1p5	R1	17	-0.00221993249487659	-0.000121511363877194	0	0
Mphase_1p5	R2	17	0.000933881139979747	-0.000211984365850294	0	0
Mphase_1p5	R1	18	0.00125568060662455	2.36722430691611e-06	0	0
Mphase_1p5	R2	18	-0.00240813036352822	-1.73423365256832e-05	0	0
Mphase_1p5	R1	19	0.00263664199582557	-8.44945445546285e-05	1	0
Mphase_1p5	R2	19	-0.000431776927034865	-3.58763888196215e-05	0	0
Mphase_1p5	R1	20	-0.000536242042578104	-0.000255346833358946	0	0
Mphase_1p5	R2	20	0.000788036140604951	0.000187415051080449	0	0
Mphase_1p5	R1	21	3.56535020397757e-05	-7.45351722608705e-05	0	0
Mphase_1p5	R2	21	0.00145890395186837	-4.74931068324783e-05	0	0
Mphase_1p5	R1	22	0.000658405720732399	-0.000102471240958243	0	0
Mphase_1p5	R2	22	-0.000410305427228781	-4.72764232005421e-05	0	0
Mphase_1p5	R1	23	1.96360869712589e-05	-0.000126037439068635	0	0
Mphase_1p5	R2	23	-0.000115930280957154	2.91288948960192e-05	0	0
Mphase_1p5	R1	24	-0.00111922824013978	-0.000136290414031611	1	0
Mphase_1p5	R2	24	-0.00121389144127894	-6.81593347237111e-06	0	0
Mphase_1p5	R1	25	-0.000479282315230444	-8.88580995033965e-05	0	0
Mphase_1p5	R2	25	-0.000405818733177551	-0.000168415937635315	0	0
Mphase_1p5	R1	26	0.00196309032935733	4.01085028410345e-05	0	0
Mphase_1p5	R2	26	-0.000522084346824395	-0.000402958463228351	0	1
Mphase_1p5	R1	27	0.00195033825222861	-8.95017295201272e-05	0	0
Mphase_1p5	R2	27	-0.000154405064832514	-0.000227798143826391	0	0
Mphase_1p5	R1	28	0.000537083840494727	-0.000103746973476192	0	0
Mphase_1p5	R2	28	0.00271837401667763	1.03223729185009e-05	0	0
Mphase_1p5	R1	29	-0.000415106301276536	-0.000171477636655734	0	0
Mphase_1p5	R2	29	0.000439451438035943	-6.65504816564721e-05	0	0
Mphase_1p5	R1	30	-0.00189452493238525	-1.73624100757577e-05	0	0
Mphase_1p5	R2	30	0.000922436382850839	7.14474885172898e-05	0	0
Mphase_1p5	R1	31	-0.000364168371846426	-2.56131453787085e-05	0	0
Mphase_1p5	R2	31	0.000197763140418549	-7.33369176037153e-05	0	0
Mphase_1p5	R1	32	0.00140281382054133	-5.14637164836251e-05	0	0
Mphase_1p5	R2	32	-0.00052505771773208	-0.000215592378221876	0	0
Mphase_1p5	R1	33	0.00162511989330539	-0.000142139495958573	0	0
Mphase_1p5	R2	33	-0.00404880308685151	-0.000289158970451005	1	1
Mphase_1p5	R1	34	-0.00242523811865601	-8.10855589598105e-05	0	0
Mphase_1p5	R2	34	0.00156508930482874	-0.000211031924070796	0	1
Mphase_1p5	R1	35	-0.000778179052465771	0.000133653589833529	0	0
Mphase_1p5	R2	35	0.00114365690827174	-0.000123926615533488	0	0
Mphase_1p5	R1	36	-0.00194512400435857	-0.000160003377635983	0	0
Mphase_1p5	R2	36	-0.00195171025249915	1.26992153034605e-05	0	0
Mphase_1p5	R1	37	-0.00146604079172646	-0.000299361904190063	0	0
Mphase_1p5	R2	37	-0.000119557586025536	-0.000544904287725415	0	1
Mphase_1p5	R1	38	-0.00159462665904296	-0.00029563478432923	0	1
Mphase_1p5	R2	38	0.000323747766026149	-0.000195884425994559	0	0
Mphase_1p5	R1	39	0.00167304983391122	-0.000176359499941638	0	1
Mphase_1p5	R2	39	0.00128139088824512	-0.000294755014957469	0	1
Mphase_1p5	R1	40	-0.000976282696453291	-0.000366807431705577	0	1
Mphase_1p5	R2	40	0.00051421031659302	-0.000269660703219792	0	1
Mphase_1p5	R1	41	0.000937748545875886	-0.000143999253483892	0	0
Mphase_1p5	R2	41	-0.00014955070131215	-0.000108250239615782	0	0
Mphase_1p5	R1	42	-0.00125860765262237	-0.000176646542622122	0	0
Mphase_1p5	R2	42	-0.0028848246598642	-0.000210678260623364	0	0
Mphase_1p5	R1	43	-0.00174628026713437	3.63548213490761e-05	0	0
Mphase_1p5	R2	43	-0.0010182600156329	-0.000175528670636151	0	0
Mphase_1p5	R1	44	3.5623422596897e-06	-0.000188907813276899	0	1
Mphase_1p5	R2	44	0.00210006995723709	-0.000414107483918324	0	1
Mphase_1p5	R1	45	-0.0018994156909264	-0.00010712696528671	1	0
Mphase_1p5	R2	45	-5.19153251847947e-05	-0.000257417283262051	0	0
Mphase_1p5	R1	46	-0.00203800950868439	1.2106329345578e-05	0	0
Mphase_1p5	R2	46	0.00195970983697551	-0.000265309531820189	0	1
Mphase_1p5	R1	47	-0.000461113401385181	-0.000236652927994766	0	0
Mphase_1p5	R2	47	-0.000944118075329034	-3.2505575917617e-05	0	0
Mphase_1p5	R1	48	-0.000929700341630452	-0.0001287378709585	0	0
Mphase_1p5	R2	48	8.29799837136348e-05	0.000111518722070824	0	0
Mphase_1p5	R1	49	0.000433377992361898	-0.000170536765092476	0	0
Mphase_1p5	R2	49	0.00259603075134361	6.68879487033095e-05	0	0
Mphase_1p5	R1	50	-0.00043530706310746	-0.000113434179114966	0	0
Mphase_1p5	R2	50	-0.00275470996403663	-0.000172738082203568	0	0
Mphase_1p5	R1	51	0.000286546158326653	-0.000316263161743306	0	0
Mphase_1p5	R2	51	-0.00247026251155552	-4.5699968936061e-05	1	0
Mphase_1p5	R1	52	-0.00043534380693513	-0.000330266668813391	0	1
Mphase_1p5	R2	52	-0.000600346464208987	-0.000203273430538558	0	0
Mphase_1p5	R1	53	0.000566759261277436	-0.000270375968187029	0	1
Mphase_1p5	R2	53	-0.00264595217918481	-0.000155922003152937	0	0
Mphase_1p5	R1	54	-0.0011882248497054	-0.00012907276200398	0	0
Mphase_1p5	R2	54	-0.00257145622312504	-0.000229428989435741	0	0
Mphase_1p5	R1	55	0.000440845897791955	-0.000242523989456164	0	1
Mphase_1p5	R2	55	-0.00025314863654756	4.81776091209535e-05	0	0
Mphase_1p5	R1	56	-0.00113843421085927	-0.000127458086439565	0	0
Mphase_1p5	R2	56	0.00182738026987582	-9.50733372258878e-05	1	0
Mphase_1p5	R1	57	-0.00166356643439618	0.000100035459056861	0	0
Mphase_1p5	R2	57	0.00146261231013386	-0.00020822873603733	0	0
Mphase_1p5	R1	58	-4.25928836240182e-05	-0.000105904354823376	0	0
Mphase_1p5	R2	58	-0.000492894919371608	-1.84421226401825e-05	0	0
Mphase_1p5	R1	59	-0.00026727238880248	2.95723027895548e-05	0	0
Mphase_1p5	R2	59	-0.00234027482477531	-0.000218947591366583	0	0
Mphase_1p5	R1	60	-0.00210267996192904	-0.000128552695865477	0	0
Mphase_1p5	R2	60	-0.000984248268264525	-0.000110653709270198	0	0
Mphase_1p5	R1	61	0.0019853011662121	-0.000343392067666273	0	1
Mphase_1p5	R2	61	-0.00115032002044001	-0.000317256290864801	0	1
Mphase_1p5	R1	62	-0.000787219865858036	-0.000215760154095012	0	0
Mphase_1p5	R2	62	-0.000224663603090299	2.21846224036185e-05	0	0
Mphase_1p5	R1	63	-0.00189340564875647	-0.000128804959732836	0	0
Mphase_1p5	R2	63	0.00106860483402465	-0.000154806379143263	0	0
Mphase_1p5	R1	64	0.0011096808462339	-0.000165865888749393	0	0
Mphase_1p5	R2	64	-0.0015717399544704	-0.00022775905231965	0	0
Mphase_1p5	R1	65	3.22516403459571e-05	-0.000101054923767924	0	0
Mphase_1p5	R2	65	-0.00148248900319099	5.21480214166937e-05	0	0
Mphase_1p5	R1	66	0.00129641484644763	6.81012835171971e-05	0	0
Mphase_1p5	R2	66	0.000907796509493387	-0.000297628211636797	0	1
Mphase_1p5	R1	67	0.00108086906827205	-0.000107732823248953	0	0
Mphase_1p5	R2	67	-0.00140977206854332	-0.000315902715487619	0	1
Mphase_1p5	R1	68	-0.000255106725049884	-8.98774776000377e-05	0	0
Mphase_1p5	R2	68	0.00191455333588634	-5.38290278127072e-05	0	0
Mphase_1p5	R1	69	0.000720321340839969	-0.000225176358097761	0	1
Mphase_1p5	R2	69	0.00241713028389279	-0.000273290519982916	0	1
Mphase_1p5	R1	70	0.000221366849473735	-0.000118902130494035	0	0
Mphase_1p5	R2	70	-0.00223263889925158	-0.000245000299058534	0	1
Mphase_1p5	R1	71	0.00106187171871798	-0.000121589739237848	0	0
Mphase_1p5	R2	71	0.00151002244099227	-0.000184234428572472	0	0
Mphase_1p5	R1	72	0.000766132546747906	-0.000101298369748742	0	0
Mphase_1p5	R2	72	-1.69956827889647e-05	-0.000124634559475739	0	0
Mphase_1p5	R1	73	-0.00144788475309274	4.77495058761623e-05	0	0
Mphase_1p5	R2	73	-0.000358806038075116	-0.000169355477846868	0	0
Mphase_1p5	R1	74	-0.00161869539527342	-0.000195366169180399	0	1
Mphase_1p5	R2	74	0.00244763028667104	-0.000340804793090255	0	0
Mphase_1p5	R1	75	-0.000594048368629408	-0.000171162327258539	0	0
Mphase_1p5	R2	75	-0.00136617228457891	-0.00012057175647816	0	0
Mphase_1p5	R1	76	0.00194135484202184	-1.82478622075877e-05	1	0
Mphase_1p5	R2	76	-1.34112523593318e-05	7.12791062411365e-05	0	0
Mphase_1p5	R1	77	-0.000222281841485701	-0.000109893766627521	0	0
Mphase_1p5	R2	77	-0.00314419428362317	-0.000172028822832175	1	0
Mphase_1p5	R1	78	-0.00239725409514269	-0.000143396506170615	0	0
Mphase_1p5	R2	78	8.85624436666113e-05	0.000177977020285368	0	0
Mphase_1p5	R1	79	0.00125307096593485	8.6425323748798e-05	0	0
Mphase_1p5	R2	79	-0.000280787975533461	4.38470570522411e-05	0	0
Mphase_1p5	R1	80	0.000303517590522738	-8.55089174401135e-05	0	0
Mphase_1p5	R2	80	0.00123650455249597	-0.000264657865051926	0	1
Mphase_1p5	R1	81	-0.00111078635713648	-0.000294621203827057	0	1
Mphase_1p5	R2	81	-0.00121798360695561	-0.00024255902808609	0	0
Mphase_1p5	R1	82	0.000259938532093834	-7.08296048271126e-05	0	0
Mphase_1p5	R2	82	0.000127716594952273	-0.000299680524849794	0	1
Mphase_1p5	R1	83	-0.00042557909063704	-0.000118574672301575	0	0
Mphase_1p5	R2	83	-0.00225479366301045	-8.07379601097559e-05	0	0
Mphase_1p5	R1	84	-0.00142926238350657	-2.50036134188265e-05	1	0
Mphase_1p5	R2	84	-0.00232860111983227	-0.00011634237133778	0	0
Mphase_1p5	R1	85	-0.000737081035254504	-0.000348480589823382	0	1
Mphase_1p5	R2	85	0.000484442239617746	-0.000261112245356683	0	1
Mphase_1p5	R1	86	-0.000511872629492767	-0.000236845639531622	0	0
Mphase_1p5	R2	86	0.00136320355716805	-0.000290564957145438	0	1
Mphase_1p5	R1	87	0.000354477772209619	3.05711952040338e-05	0	0
Mphase_1p5	R2	87	0.00166498758737542	-0.000363068669900298	0	1
Mphase_1p5	R1	88	-0.0022335346916738	-9.06424628986311e-05	0	0
Mphase_1p5	R2	88	-0.00102483118844556	-1.50821225548507e-05	0	0
Mphase_1p5	R1	89	-0.000543259089563765	-0.000294274009403138	0	1
Mphase_1p5	R2	89	0.000111915733070929	-0.000348015104706891	0	1
Mphase_1p5	R1	90	-0.000126903026882682	-0.000110811342532752	0	0
Mphase_1p5	R2	90	-0.000623059241099722	-0.000395121655872935	0	1
Mphase_1p5	R1	91	-0.00217140155774742	-4.77936097121982e-05	0	0
Mphase_1p5	R2	91	0.00052644848124742	0.000165200694125145	0	0
Mphase_1p5	R1	92	0.00107002511461472	0.000112906886599982	0	0
Mphase_1p5	R2	92	0.000376645992247718	-3.50376485147592e-05	0	0
Mphase_1p5	R1	93	-0.000329914958110331	1.28912448551398e-05	0	0
Mphase_1p5	R2	93	0.00206288711480339	-0.000168079937851586	0	0
Mphase_1p5	R1	94	-0.000929200222292122	-0.000215319588910443	0	0
Mphase_1p5	R2	94	-0.00104485531802664	8.03423283000244e-05	0	0
Mphase_1p5	R1	95	-0.000352656462119943	-0.000191973892860596	0	0
Mphase_1p5	R2	95	-0.000171275642354828	-0.00015758601802262	0	0
Mphase_1p5	R1	96	-0.000279569228123164	-0.000390742190150881	0	1
Mphase_1p5	R2	96	0.000780616465041517	9.61215575375216e-05	0	0
Mphase_1p5	R1	97	-0.00194761237175834	-3.04488186100185e-05	0	0
Mphase_1p5	R2	97	0.00034240153614156	-0.000223781739154888	0	0
Mphase_1p5	R1	98	0.000761067709772843	-0.000171700254344484	0	0
Mphase_1p5	R2	98	0.0018130384079962	-3.07871602881688e-06	0	0
Mphase_1p5	R1	99	0.000307601391852615	-0.000188802514703833	0	0
Mphase_1p5	R2	99	-0.000129320725240056	-6.21691618764365e-05	0	0
Mphase_1p5	R1	100	0.000244155330325927	-9.38228167362486e-05	0	0
Mphase_1p5	R2	100	-0.000875541365779777	-0.000119948701651175	0	0
Mphase_1p5	R1	101	-0.000312299321069022	-7.46822233843173e-05	0	0
Mphase_1p5	R2	101	0.00103898418097359	-0.000349925602760333	0	1
Mphase_1p5	R1	102	0.0019588359904151	-9.57482059120931e-05	0	0
Mphase_1p5	R2	102	0.000380246011838184	-0.000164307831750596	0	0
Mphase_1p5	R1	103	-0.000484293356436487	-0.000107173822786085	0	0
Mphase_1p5	R2	103	0.00101769399991942	-0.000233294007726948	0	0
Mphase_1p5	R1	104	0.00132981247418959	-0.000209561463389576	0	0
Mphase_1p5	R2	104	0.000374477079555171	-0.000221646881513267	0	0
Mphase_1p5	R1	105	-0.00364818995499324	-2.92951349364037e-05	1	0
Mphase_1p5	R2	105	-0.00357183738253529	-0.000261114677735547	1	0
Mphase_1p5	R1	106	0.000623305108397458	-0.000112363243850661	0	0
Mphase_1p5	R2	106	0.000397017394489207	-0.00013750654133697	0	0
Mphase_1p5	R1	107	0.000896811270301019	-0.000127713568790338	0	0
Mphase_1p5	R2	107	-0.000726827526577683	-9.43343750523448e-05	0	0
Mphase_1p5	R1	108	-0.00170610451066959	-0.000139536114806691	0	0
Mphase_1p5	R2	108	-0.00196466715281721	5.82074886294559e-05	0	0
Mphase_1p5	R1	109	-0.00269225566923906	-0.000389523149413697	0	1
Mphase_1p5	R2	109	0.00202834820403068	0.000125081544486298	0	0
Mphase_1p5	R1	110	0.000811230450028205	-3.58064001181387e-05	0	0
Mphase_1p5	R2	110	0.000713015074781144	4.06997438072707e-05	0	0
Mphase_1p5	R1	111	-0.00120250869800871	-0.000201895628499339	0	0
Mphase_1p5	R2	111	-0.000195096443734705	-0.000132598932740334	0	0
Mphase_1p5	R1	112	0.000380638615228367	0.000132449366466138	0	0
Mphase_1p5	R2	112	0.0010019714612729	-0.000117232395222501	0	0
Mphase_1p5	R1	113	0.00120308337293846	-0.000199284849587041	0	0
Mphase_1p5	R2	113	0.000593582031259596	-7.59066543833235e-05	0	0
Mphase_1p5	R1	114	-0.0013448967538066	-0.000223460856607917	0	0
Mphase_1p5	R2	114	0.00302250298918113	-0.000203108100126117	0	0
Mphase_1p5	R1	115	0.00125490394011708	-9.58601086777015e-05	0	0
Mphase_1p5	R2	115	0.00105071849878822	7.84681763090014e-05	0	0
Mphase_1p5	R1	116	-0.000104583807729728	-0.000231716408937569	0	1
Mphase_1p5	R2	116	-2.38302423386537e-05	-0.00021189810389441	0	0
Mphase_1p5	R1	117	0.00115627676509443	3.84304247583554e-06	0	0
Mphase_1p5	R2	117	-0.00155104367141052	-9.64196301522763e-05	0	0
Mphase_1p5	R1	118	-0.00068554992054845	-0.000219971040779995	0	1
Mphase_1p5	R2	118	-0.00404290308972211	4.78024253991874e-05	1	0
Mphase_1p5	R1	119	0.00088442342211014	-0.00019770060942875	0	0
Mphase_1p5	R2	119	5.14897904915726e-05	2.93268148248419e-05	0	0
Mphase_1p5	R1	120	0.000738719960427445	-0.0001944326640433	0	0
Mphase_1p5	R2	120	0.000817962240500259	-0.000311392726572993	0	1
Mphase_0p5	R1	1	-0.0010141096172919	1.06410391127651e-05	0	0
Mphase_0p5	R2	1	0.000989301583279534	-0.00047353452263567	0	1
Mphase_0p5	R1	2	-0.00372902827966518	-0.00013348412552897	0	0
Mphase_0p5	R2	2	0.00308341044665451	-0.000385008334324279	0	0
Mphase_0p5	R1	3	0.000166215691134537	-0.000133685708235823	0	0
Mphase_0p5	R2	3	-0.00194737723333377	-0.000443985221545793	0	1
Mphase_0p5	R1	4	-0.00142796490015187	-0.000285335280820322	0	1
Mphase_0p5	R2	4	0.00516376904645116	-0.000351388767131338	1	0
Mphase_0p5	R1	5	-0.00288746450256104	-0.000381686372952493	0	0
Mphase_0p5	R2	5	-0.00157599418930381	-0.000363205123279934	0	0
Mphase_0p5	R1	6	0.00277499339475809	-0.000571091972398069	0	1
Mphase_0p5	R2	6	0.00280123095989158	-0.000353026977894929	0	1
Mphase_0p5	R1	7	-0.00043426629512913	-0.000124109040556934	0	0
Mphase_0p5	R2	7	0.00114829975331453	-0.000226111304201243	0	0
Mphase_0p5	R1	8	-0.00084017686643297	1.07147679847788e-05	0	0
Mphase_0p5	R2	8	0.000484353721102742	-7.4558920486793e-05	0	0
Mphase_0p5	R1	9	0.00129198822334216	-0.000327024003164767	0	1
Mphase_0p5	R2	9	-0.00234096471465932	-0.000226951838125141	0	0
Mphase_0p5	R1	10	0.000593274342972973	-0.00033616383731395	0	1
Mphase_0p5	R2	10	-0.00108660241285692	-0.000300149169889196	0	0
Mphase_0p5	R1	11	0.000709203555196504	-0.000131256949206016	0	0
Mphase_0p5	R2	11	-0.00178956086425858	-0.000109050448609236	0	0
Mphase_0p5	R1	12	-4.19493785378034e-05	-0.00020290162389888	0	0
Mphase_0p5	R2	12	0.00121165378701996	-5.18740223916499e-05	0	0
Mphase_0p5	R1	13	0.00130684874208512	-0.000223332323539222	0	0
Mphase_0p5	R2	13	0.00136366716374707	-0.000443481707172721	0	1
Mphase_0p5	R1	14	-0.00240990627394892	-0.000362585499453102	0	1
Mphase_0p5	R2	14	0.00186530810979397	-2.14747002443789e-05	0	0
Mphase_0p5	R1	15	-0.00322673352702098	-9.82878744082123e-05	0	0
Mphase_0p5	R2	15	0.00267206889558583	-8.43175502532368e-05	0	0
Mphase_0p5	R1	16	0.00133716250387995	-0.000387558890315425	0	1
Mphase_0p5	R2	16	-0.000214294407916024	-0.000530869397926609	0	1
Mphase_0p5	R1	17	-0.00211548550394974	-0.000447059078404528	0	1
Mphase_0p5	R2	17	-0.0031034773547519	-0.000615149850923635	0	1
Mphase_0p5	R1	18	-0.00240714921302009	-0.000262946307696599	0	0
Mphase_0p5	R2	18	0.00121094514011669	-0.000313753987858759	0	0
Mphase_0p5	R1	19	0.00090087374782038	-0.000147910126724747	0	0
Mphase_0p5	R2	19	0.00122647359175664	-0.000558278799580453	0	1
Mphase_0p5	R1	20	0.00263857964610777	-0.000377724198686194	0	1
Mphase_0p5	R2	20	0.00143549185327006	-0.000330779263398381	0	1
Mphase_0p5	R1	21	0.0017967900851081	-0.000357779518918676	0	1
Mphase_0p5	R2	21	0.00210015975169632	-0.000235178694067495	0	0
Mphase_0p5	R1	22	-0.000182863770495165	-0.000118581596822324	0	0
Mphase_0p5	R2	22	0.00355625789961542	-0.00024469053523617	0	1
Mphase_0p5	R1	23	-0.0028171674737104	-8.66584610584914e-05	0	0
Mphase_0p5	R2	23	0.00204523774696117	-0.000348603079220377	0	0
Mphase_0p5	R1	24	0.00052961651213551	-0.000565602679751459	0	1
Mphase_0p5	R2	24	0.00144969897292865	-0.00029489127329853	0	1
Mphase_0p5	R1	25	-0.00340132028469478	-0.000327047891067814	0	1
Mphase_0p5	R2	25	-0.00166980099489344	-0.000380542227485741	0	1
Mphase_0p5	R1	26	0.00227771301696553	-0.000350430391276973	0	1
Mphase_0p5	R2	26	-0.00500293216957051	1.38820284755997e-05	1	0
Mphase_0p5	R1	27	0.00132128307196564	-0.000327409866377013	0	0
Mphase_0p5	R2	27	0.000499341775461349	-0.000322238424829339	0	1
Mphase_0p5	R1	28	0.00318027229745634	-0.000383683111081661	0	1
Mphase_0p5	R2	28	-0.00233647191020891	-0.000460344877369465	0	1
Mphase_0p5	R1	29	0.00260883815851584	-0.000250180963938108	0	0
Mphase_0p5	R2	29	2.51889656642477e-05	1.31216285645287e-05	0	0
Mphase_0p5	R1	30	-0.00273681831596945	-0.000302825942123692	0	0
Mphase_0p5	R2	30	-0.00198742280692182	-0.000344894571473733	0	0
Mphase_0p5	R1	31	-0.00409686979527541	-0.000239160206762583	0	1
Mphase_0p5	R2	31	0.00082872645616073	-0.000186601342454673	0	0
Mphase_0p5	R1	32	-0.00137123452999598	-0.000387141940511117	0	0
Mphase_0p5	R2	32	0.000126882520063563	-0.000409964138482223	0	1
Mphase_0p5	R1	33	-0.000146313441002059	-0.000414482827871278	0	1
Mphase_0p5	R2	33	-0.0024815150907542	-9.19286112824924e-05	0	0
Mphase_0p5	R1	34	-0.00148032956507572	-0.000236305531801043	0	0
Mphase_0p5	R2	34	-0.000462974425545382	-0.000438558648006993	0	1
Mphase_0p5	R1	35	-0.000492155779831644	-0.000348895099614399	0	1
Mphase_0p5	R2	35	-0.000966496312740409	-0.000420558017912148	0	1
Mphase_0p5	R1	36	-0.00212086894290497	-0.000518861488178979	0	1
Mphase_0p5	R2	36	-0.000525708609030603	-2.53976167294508e-05	0	0
Mphase_0p5	R1	37	-0.00129042350322654	-0.000228646713564034	0	0
Mphase_0p5	R2	37	0.00296306467086754	-0.000343917078727524	0	0
Mphase_0p5	R1	38	-0.00249774298012408	-0.00033489444652185	0	1
Mphase_0p5	R2	38	-0.00099855082410397	-0.000237172369720491	0	0
Mphase_0p5	R1	39	-0.00309026463681371	-0.000307379556626754	0	1
Mphase_0p5	R2	39	-0.00335884681827957	-0.000108956122372499	0	0
Mphase_0p5	R1	40	-7.32620711107089e-05	-0.000440374385349825	0	1
Mphase_0p5	R2	40	-0.00118817209507193	-0.000288660307009429	0	0
Mphase_0p5	R1	41	-0.00183954025322999	-0.000205995375463444	0	0
Mphase_0p5	R2	41	0.00069015484787737	-0.000228779570287876	0	0
Mphase_0p5	R1	42	0.000255621310158932	-0.000504568925357752	0	1
Mphase_0p5	R2	42	-0.00147976025272594	-0.000428403670196057	0	1
Mphase_0p5	R1	43	-0.00265102955787317	-0.000215662403409375	0	1
Mphase_0p5	R2	43	-0.00259405907000053	-0.00039728848918933	0	0
Mphase_0p5	R1	44	0.00095497187871205	-0.000385898499627204	0	1
Mphase_0p5	R2	44	-0.00565958416923516	-0.000275921265135467	1	0
Mphase_0p5	R1	45	-0.00145251039440126	-0.000454522294421107	0	1
Mphase_0p5	R2	45	-0.00210385499745809	-0.00026424916255645	0	0
Mphase_0p5	R1	46	-0.00122993005534072	-0.000238224993409747	0	0
Mphase_0p5	R2	46	-0.00237111138012206	-0.000103194317152802	0	0
Mphase_0p5	R1	47	0.00246193604595963	-0.000322095639079217	0	0
Mphase_0p5	R2	47	-0.000277488090872683	-0.000117455181852231	0	0
Mphase_0p5	R1	48	-0.000547910175438587	-0.000367929719919031	0	1
Mphase_0p5	R2	48	-0.00123274117898815	-8.16624548983732e-05	0	0
Mphase_0p5	R1	49	0.000559327217595969	-8.04576600877397e-05	0	0
Mphase_0p5	R2	49	0.000442235568603132	-0.000385469649582293	0	1
Mphase_0p5	R1	50	0.00330532572723692	-0.000283550280648806	0	0
Mphase_0p5	R2	50	-0.000176412887854145	-0.000345190281593053	0	1
Mphase_0p5	R1	51	-0.00314607253233385	-0.000249575626255276	0	0
Mphase_0p5	R2	51	-0.0009127751400526	-0.000402535855078978	0	1
Mphase_0p5	R1	52	0.000356928707803992	-0.000407678516466825	0	1
Mphase_0p5	R2	52	0.000961978286771334	-0.000134091240603867	0	0
Mphase_0p5	R1	53	0.000221523309046025	-0.000338044490774388	0	0
Mphase_0p5	R2	53	0.00280718773182957	-0.000424831036718324	0	1
Mphase_0p5	R1	54	0.0019619614300004	-9.47879257168232e-05	0	0
Mphase_0p5	R2	54	0.00202050524715604	-0.000122597911015522	0	0
Mphase_0p5	R1	55	-0.0022526304383936	-0.000508239921141735	0	1
Mphase_0p5	R2	55	0.00425926230226732	-0.000256634951463527	1	0
Mphase_0p5	R1	56	0.00402130943986319	-0.000497053145157657	0	1
Mphase_0p5	R2	56	-5.19954793078041e-08	-0.000241434544695123	0	0
Mphase_0p5	R1	57	-0.00511657234339766	-0.000206261134487607	1	0
Mphase_0p5	R2	57	-0.00405418880316219	-0.000125487212351728	0	0
Mphase_0p5	R1	58	0.00148716527478603	-0.000373128095229508	0	1
Mphase_0p5	R2	58	-0.00226752562884502	-0.000268691833398707	0	0
Mphase_0p5	R1	59	0.000702176446721815	-0.00019235763422669	0	0
Mphase_0p5	R2	59	-0.00127691842585663	-0.000375740898915151	0	1
Mphase_0p5	R1	60	-0.00213294332895151	-0.000280585204365213	0	1
Mphase_0p5	R2	60	-0.0033562995301808	-0.00036464625110937	0	1
Mphase_0p5	R1	61	0.000493754212988497	-0.000479032686850822	0	1
Mphase_0p5	R2	61	0.00266432251342083	-0.00035355884009752	0	1
Mphase_0p5	R1	62	-0.00130933927043733	-0.00012969205408353	0	0
Mphase_0p5	R2	62	-0.000593983832852455	-7.51587493716239e-06	0	0
Mphase_0p5	R1	63	-0.00311115944860967	-0.000382791878581457	0	1
Mphase_0p5	R2	63	-0.00187842409146246	-0.000236073979909136	0	1
Mphase_0p5	R1	64	0.000746571283886834	-0.000400244747532948	0	1
Mphase_0p5	R2	64	0.00161484548870711	-0.00038769438132046	0	1
Mphase_0p5	R1	65	0.000695087156766838	-0.000412926778469161	0	1
Mphase_0p5	R2	65	-0.00256229693422323	-0.000125481250007891	0	0
Mphase_0p5	R1	66	0.00469520098059961	-0.000232128703741597	0	0
Mphase_0p5	R2	66	0.000866403579603673	-0.000548656346118322	0	1
Mphase_0p5	R1	67	0.00222406809218784	-0.00025300937155121	0	1
Mphase_0p5	R2	67	-0.000750406445391955	-0.000387701165003956	0	1
Mphase_0p5	R1	68	0.0038234078608583	-0.000577906089738268	1	1
Mphase_0p5	R2	68	0.00184270105117399	-0.000471540825388877	0	1
Mphase_0p5	R1	69	0.00117274074366916	-0.000422730608727555	0	1
Mphase_0p5	R2	69	0.00212056117695627	-0.000309821110749528	0	1
Mphase_0p5	R1	70	0.00050639397725302	-0.000381615204569439	0	1
Mphase_0p5	R2	70	0.00126757704977117	-0.000404473422544737	0	1
Mphase_0p5	R1	71	0.00543135162619633	-0.00029100833106301	1	1
Mphase_0p5	R2	71	0.00153821938300264	-0.000299755884020672	0	0
Mphase_0p5	R1	72	0.000448946079687211	-0.000252327756332783	0	0
Mphase_0p5	R2	72	0.00172406482629628	-0.000211676010587382	0	0
Mphase_0p5	R1	73	0.000571587531979731	-0.000445971089372048	0	1
Mphase_0p5	R2	73	-0.00142790616546321	-0.000179498872255566	0	0
Mphase_0p5	R1	74	0.00359432751913189	-0.000397217026393505	0	1
Mphase_0p5	R2	74	0.00356155619052517	-0.000227878713935192	0	0
Mphase_0p5	R1	75	-0.000398446903918642	-0.000329751204074717	0	1
Mphase_0p5	R2	75	0.00203867093745583	-4.60376029033675e-05	0	0
Mphase_0p5	R1	76	0.00108619634568013	-0.000109341545981901	0	0
Mphase_0p5	R2	76	0.000559284437340864	-0.000365359666685456	0	0
Mphase_0p5	R1	77	0.00222967252093513	-0.000332938199415615	0	1
Mphase_0p5	R2	77	0.00111925297845715	-0.000152315451985456	0	0
Mphase_0p5	R1	78	-6.60617223811311e-05	-0.00026943071431204	0	1
Mphase_0p5	R2	78	-0.00195994026165096	-0.000343360003333247	0	0
Mphase_0p5	R1	79	0.000803176613174043	-0.000322087682939267	0	1
Mphase_0p5	R2	79	-0.00104167816874097	-0.000395803819256761	0	1
Mphase_0p5	R1	80	6.72128483069e-05	-0.000139402021014982	0	0
Mphase_0p5	R2	80	0.00137959481682532	-7.09912251655069e-05	0	0
Mphase_0p5	R1	81	0.000387885136589147	-0.000269058316777088	0	0
Mphase_0p5	R2	81	-0.000614777707229376	-0.00048996518027499	0	1
Mphase_0p5	R1	82	-0.0010475939102629	-0.000511642951924482	0	1
Mphase_0p5	R2	82	-0.00158083969733518	-3.13100123101375e-05	0	0
Mphase_0p5	R1	83	0.000182260404526325	-0.000253124263697334	0	0
Mphase_0p5	R2	83	-0.00657077872367336	-0.000199965371310293	1	0
Mphase_0p5	R1	84	0.000242529038816174	-0.000420932667759141	0	1
Mphase_0p5	R2	84	-0.00275439094338517	-0.000156281388097869	0	0
Mphase_0p5	R1	85	-0.00443473265129577	-0.000264473948762748	1	0
Mphase_0p5	R2	85	0.0004466820085602	0.000142234705453166	0	0
Mphase_0p5	R1	86	0.00475069010056068	-0.000236152532897714	0	0
Mphase_0p5	R2	86	0.0019849526356633	-0.000343279564043825	0	1
Mphase_0p5	R1	87	-0.0029430100768792	-0.000236664031697083	0	0
Mphase_0p5	R2	87	0.00711901604237535	-0.000499650617577745	1	1
Mphase_0p5	R1	88	-0.00120979975893032	-0.000425947617614618	0	1
Mphase_0p5	R2	88	0.000133736221355236	-4.39732800527426e-05	0	0
Mphase_0p5	R1	89	-0.00144518251408099	-0.000400697673286891	0	1
Mphase_0p5	R2	89	-0.00209984222773577	-0.000145639663523948	0	0
Mphase_0p5	R1	90	0.000487889338499254	-0.000421912783727124	0	1
Mphase_0p5	R2	90	0.0020032687703084	-0.000333234331048783	0	1
Mphase_0p5	R1	91	-0.00285864071890126	-0.000567194620873429	0	1
Mphase_0p5	R2	91	0.00215518941365316	-0.000438660152348972	0	1
Mphase_0p5	R1	92	0.00278968063380278	-0.000499395656202092	0	1
Mphase_0p5	R2	92	-0.00163925767726127	-0.000434328019318741	0	1
Mphase_0p5	R1	93	-0.0018916273054397	-0.000344467390572976	0	1
Mphase_0p5	R2	93	0.00135018051170387	-5.64234770252941e-05	0	0
Mphase_0p5	R1	94	-0.00216608752303058	-9.01191425402874e-05	0	0
Mphase_0p5	R2	94	-3.70140669429669e-05	7.53676923604281e-05	0	0
Mphase_0p5	R1	95	0.00324563874298045	-0.000215386677213453	0	0
Mphase_0p5	R2	95	0.00187138797566405	-0.000171386015111163	0	0
Mphase_0p5	R1	96	0.00293308214618667	-0.000311322008883927	0	1
Mphase_0p5	R2	96	0.00187160262895375	-6.0378221061034e-05	0	0
Mphase_0p5	R1	97	0.0026649874750265	-0.000243588498743167	0	0
Mphase_0p5	R2	97	-0.000955642241570294	0.000160294933318173	0	0
Mphase_0p5	R1	98	-8.42130224435882e-05	-0.000126081767679566	0	0
Mphase_0p5	R2	98	0.00483511872143791	-0.000318475385622813	0	0
Mphase_0p5	R1	99	-0.00209681881807578	-0.000471436013506796	0	1
Mphase_0p5	R2	99	-0.00165170602147691	-0.000255852230828942	0	0
Mphase_0p5	R1	100	0.000105669108375443	7.42793225713932e-05	0	0
Mphase_0p5	R2	100	0.002207015752185	-0.000192798176139226	0	0
Mphase_0p5	R1	101	-0.000918472791037073	-0.000211906253222576	0	0
Mphase_0p5	R2	101	0.000896208132380458	-0.000331575308095107	0	0
Mphase_0p5	R1	102	0.00296947512505498	-0.000284508216568108	0	1
Mphase_0p5	R2	102	-0.000644470327194912	-0.00022844377729113	0	0
Mphase_0p5	R1	103	0.00117833146538489	-0.000588651815711027	0	1
Mphase_0p5	R2	103	0.000892361016923181	-0.00022811222422621	0	0
Mphase_0p5	R1	104	0.00521565971219847	-0.00042643218076453	1	1
Mphase_0p5	R2	104	0.00296891306601182	-0.000131997809077487	0	0
Mphase_0p5	R1	105	-0.00268925588031666	-0.000420285065958695	0	1
Mphase_0p5	R2	105	-0.00216778652777126	-0.000378280257267085	0	1
Mphase_0p5	R1	106	-0.00105575251681283	-0.000104828141367701	0	0
Mphase_0p5	R2	106	0.00291815559275837	-0.000332987729036845	0	1
Mphase_0p5	R1	107	0.00149014144770137	-0.000186616695994738	0	0
Mphase_0p5	R2	107	0.00170834208777283	-0.000278706249168201	0	0
Mphase_0p5	R1	108	0.00114091761092297	-0.000395468653063107	0	1
Mphase_0p5	R2	108	0.00126367937389252	-0.000598680518110172	0	1
Mphase_0p5	R1	109	-0.0062507042498353	-0.000457286712459544	1	1
Mphase_0p5	R2	109	0.000252246511463677	-0.000255261211489396	0	1
Mphase_0p5	R1	110	-0.000811392491649053	-0.00057189926828587	0	1
Mphase_0p5	R2	110	-0.00181445032802576	-0.00041034614837998	0	1
Mphase_0p5	R1	111	0.00157455269349647	-0.000268709885085666	0	0
Mphase_0p5	R2	111	0.00332275507910297	-0.000325415883691876	0	0
Mphase_0p5	R1	112	-0.0014086280745865	-0.000491320853946893	0	1
Mphase_0p5	R2	112	0.00273466485226317	-0.000458042028348404	0	1
Mphase_0p5	R1	113	0.00135646789439033	-0.000268376350914241	0	1
Mphase_0p5	R2	113	-0.0026982938345818	-0.000483583863740111	0	1
Mphase_0p5	R1	114	0.00115874625835895	-0.000544890636248232	0	1
Mphase_0p5	R2	114	5.74438596360975e-05	-6.06598524298925e-05	0	0
Mphase_0p5	R1	115	-0.000790640809559362	7.805773260442e-05	0	0
Mphase_0p5	R2	115	-0.00166326529592041	9.3434856160184e-05	0	0
Mphase_0p5	R1	116	0.00217209904823649	-0.000276207464710067	0	0
Mphase_0p5	R2	116	-0.00112445595183501	-0.000215524302907733	0	0
Mphase_0p5	R1	117	-0.000291511894114957	-0.000321987130342675	0	1
Mphase_0p5	R2	117	-0.0029840950840821	-0.000369190896406989	0	0
Mphase_0p5	R1	118	-0.000796022522836008	-0.000435747836758546	0	1
Mphase_0p5	R2	118	-0.00244709302521079	-0.000191628282927638	0	0
Mphase_0p5	R1	119	-0.00223030291722982	-0.000296945430383985	0	0
Mphase_0p5	R2	119	-0.00154425061994248	-0.000473173708042431	0	1
Mphase_0p5	R1	120	0.000673943405820862	-0.000376145928349675	0	1
Mphase_0p5	R2	120	-0.00354561130384083	-0.000464775793258731	0	1
Mpower_1p5	R1	1	0.000391225217670122	0	0	0
Mpower_1p5	R2	1	0.00105934784445003	0	0	0
Mpower_1p5	R1	2	-0.00178074847240899	0	0	0
Mpower_1p5	R2	2	0.000524948775503868	0	0	0
Mpower_1p5	R1	3	-0.00048222544396863	0	0	0
Mpower_1p5	R2	3	0.000670742499669569	0	0	0
Mpower_1p5	R1	4	-0.00169605869012887	0	0	0
Mpower_1p5	R2	4	0.00119362776846733	0	0	0
Mpower_1p5	R1	5	-1.62992011964972e-05	0	0	0
Mpower_1p5	R2	5	0.000294338724482405	0	0	0
Mpower_1p5	R1	6	-0.000472343484698533	0	0	0
Mpower_1p5	R2	6	0.000216679472622174	0	0	0
Mpower_1p5	R1	7	0.000345563514742034	0	0	0
Mpower_1p5	R2	7	0.00144724902722119	0	0	0
Mpower_1p5	R1	8	-0.000278608461414717	0	0	0
Mpower_1p5	R2	8	0.000637656722536857	0	0	0
Mpower_1p5	R1	9	0.000149651514742512	0	0	0
Mpower_1p5	R2	9	0.000604539608528779	0	0	0
Mpower_1p5	R1	10	0.000356590860007328	0	0	0
Mpower_1p5	R2	10	0.00177984443090635	0	0	0
Mpower_1p5	R1	11	0.000445338914630396	0	0	0
Mpower_1p5	R2	11	0.000356795982258248	0	0	0
Mpower_1p5	R1	12	0.00158915947418166	0	0	0
Mpower_1p5	R2	12	0.000182518014133563	0	0	0
Mpower_1p5	R1	13	0.00113821914624534	0	0	0
Mpower_1p5	R2	13	-0.000431214008055903	0	0	0
Mpower_1p5	R1	14	-0.00139971026026375	0	0	0
Mpower_1p5	R2	14	-0.00246105623501572	0	0	0
Mpower_1p5	R1	15	0.000990715624593752	0	0	0
Mpower_1p5	R2	15	0.00180002155720481	0	0	0
Mpower_1p5	R1	16	-0.00111615348949222	0	0	0
Mpower_1p5	R2	16	0.00182286348454047	0	0	0
Mpower_1p5	R1	17	-0.00221993249487659	0	0	0
Mpower_1p5	R2	17	0.000933881139979747	0	0	0
Mpower_1p5	R1	18	0.00125568060662455	0	0	0
Mpower_1p5	R2	18	-0.00240813036352822	0	0	0
Mpower_1p5	R1	19	0.00263664199582557	0	1	0
Mpower_1p5	R2	19	-0.000431776927034865	0	0	0
Mpower_1p5	R1	20	-0.000536242042578104	0	0	0
Mpower_1p5	R2	20	0.000788036140604951	0	0	0
Mpower_1p5	R1	21	3.56535020397757e-05	0	0	0
Mpower_1p5	R2	21	0.00145890395186837	0	0	0
Mpower_1p5	R1	22	0.000658405720732399	0	0	0
Mpower_1p5	R2	22	-0.000410305427228781	0	0	0
Mpower_1p5	R1	23	1.96360869712589e-05	0	0	0
Mpower_1p5	R2	23	-0.000115930280957154	0	0	0
Mpower_1p5	R1	24	-0.00111922824013978	0	0	0
Mpower_1p5	R2	24	-0.00121389144127894	0	0	0
Mpower_1p5	R1	25	-0.000479282315230444	0	0	0
Mpower_1p5	R2	25	-0.000405818733177551	0	0	0
Mpower_1p5	R1	26	0.00196309032935733	0	0	0
Mpower_1p5	R2	26	-0.000522084346824395	0	0	0
Mpower_1p5	R1	27	0.00195033825222861	0	0	0
Mpower_1p5	R2	27	-0.000154405064832514	0	0	0
Mpower_1p5	R1	28	0.000537083840494727	0	0	0
Mpower_1p5	R2	28	0.00271837401667763	0	0	0
Mpower_1p5	R1	29	-0.000415106301276536	0	0	0
Mpower_1p5	R2	29	0.000439451438035943	0	0	0
Mpower_1p5	R1	30	-0.00189452493238525	0	1	0
Mpower_1p5	R2	30	0.000922436382850839	0	0	0
Mpower_1p5	R1	31	-0.000364168371846426	0	0	0
Mpower_1p5	R2	31	0.000197763140418549	0	0	0
Mpower_1p5	R1	32	0.00140281382054133	0	0	0
Mpower_1p5	R2	32	-0.00052505771773208	0	0	0
Mpower_1p5	R1	33	0.00162511989330539	0	0	0
Mpower_1p5	R2	33	-0.00404880308685151	0	1	0
Mpower_1p5	R1	34	-0.00242523811865601	0	0	0
Mpower_1p5	R2	34	0.00156508930482874	0	0	0
Mpower_1p5	R1	35	-0.000778179052465771	0	0	0
Mpower_1p5	R2	35	0.00114365690827174	0	0	0
Mpower_1p5	R1	36	-0.00194512400435857	0	0	0
Mpower_1p5	R2	36	-0.00195171025249915	0	0	0
Mpower_1p5	R1	37	-0.00146604079172646	0	0	0
Mpower_1p5	R2	37	-0.000119557586025536	0	0	0
Mpower_1p5	R1	38	-0.00159462665904296	0	0	0
Mpower_1p5	R2	38	0.000323747766026149	0	0	0
Mpower_1p5	R1	39	0.00167304983391122	0	0	0
Mpower_1p5	R2	39	0.00128139088824512	0	0	0
Mpower_1p5	R1	40	-0.000976282696453291	0	0	0
Mpower_1p5	R2	40	0.00051421031659302	0	0	0
Mpower_1p5	R1	41	0.000937748545875886	0	0	0
Mpower_1p5	R2	41	-0.00014955070131215	0	0	0
Mpower_1p5	R1	42	-0.00125860765262237	0	0	0
Mpower_1p5	R2	42	-0.0028848246598642	0	0	0
Mpower_1p5	R1	43	-0.00174628026713437	0	0	0
Mpower_1p5	R2	43	-0.0010182600156329	0	0	0
Mpower_1p5	R1	44	3.5623422596897e-06	0	0	0
Mpower_1p5	R2	44	0.00210006995723709	0	0	0
Mpower_1p5	R1	45	-0.0018994156909264	0	0	0
Mpower_1p5	R2	45	-5.19153251847947e-05	0	0	0
Mpower_1p5	R1	46	-0.00203800950868439	0	0	0
Mpower_1p5	R2	46	0.00195970983697551	0	0	0
Mpower_1p5	R1	47	-0.000461113401385181	0	0	0
Mpower_1p5	R2	47	-0.000944118075329034	0	0	0
Mpower_1p5	R1	48	-0.000929700341630452	0	0	0
Mpower_1p5	R2	48	8.29799837136348e-05	0	0	0
Mpower_1p5	R1	49	0.000433377992361898	0	0	0
Mpower_1p5	R2	49	0.00259603075134361	0	0	0
Mpower_1p5	R1	50	-0.00043530706310746	0	0	0
Mpower_1p5	R2	50	-0.00275470996403663	0	0	0
Mpower_1p5	R1	51	0.000286546158326653	0	0	0
Mpower_1p5	R2	51	-0.00247026251155552	0	1	0
Mpower_1p5	R1	52	-0.00043534380693513	0	0	0
Mpower_1p5	R2	52	-0.000600346464208987	0	0	0
Mpower_1p5	R1	53	0.000566759261277436	0	0	0
Mpower_1p5	R2	53	-0.00264595217918481	0	0	0
Mpower_1p5	R1	54	-0.0011882248497054	0	0	0
Mpower_1p5	R2	54	-0.00257145622312504	0	0	0
Mpower_1p5	R1	55	0.000440845897791955	0	0	0
Mpower_1p5	R2	55	-0.00025314863654756	0	0	0
Mpower_1p5	R1	56	-0.00113843421085927	0	0	0
Mpower_1p5	R2	56	0.00182738026987582	0	1	0
Mpower_1p5	R1	57	-0.00166356643439618	0	0	0
Mpower_1p5	R2	57	0.00146261231013386	0	0	0
Mpower_1p5	R1	58	-4.25928836240182e-05	0	0	0
Mpower_1p5	R2	58	-0.000492894919371608	0	0	0
Mpower_1p5	R1	59	-0.00026727238880248	0	0	0
Mpower_1p5	R2	59	-0.00234027482477531	0	0	0
Mpower_1p5	R1	60	-0.00210267996192904	0	0	0
Mpower_1p5	R2	60	-0.000984248268264525	0	0	0
Mpower_1p5	R1	61	0.0019853011662121	0	0	0
Mpower_1p5	R2	61	-0.00115032002044001	0	0	0
Mpower_1p5	R1	62	-0.000787219865858036	0	0	0
Mpower_1p5	R2	62	-0.000224663603090299	0	0	0
Mpower_1p5	R1	63	-0.00189340564875647	0	0	0
Mpower_1p5	R2	63	0.00106860483402465	0	0	0
Mpower_1p5	R1	64	0.0011096808462339	0	0	0
Mpower_1p5	R2	64	-0.0015717399544704	0	0	0
Mpower_1p5	R1	65	3.22516403459571e-05	0	0	0
Mpower_1p5	R2	65	-0.00148248900319099	0	0	0
Mpower_1p5	R1	66	0.00129641484644763	0	0	0
Mpower_1p5	R2	66	0.000907796509493387	0	0	0
Mpower_1p5	R1	67	0.00108086906827205	0	0	0
Mpower_1p5	R2	67	-0.00140977206854332	0	0	0
Mpower_1p5	R1	68	-0.000255106725049884	0	0	0
Mpower_1p5	R2	68	0.00191455333588634	0	0	0
Mpower_1p5	R1	69	0.000720321340839969	0	0	0
Mpower_1p5	R2	69	0.00241713028389279	0	0	0
Mpower_1p5	R1	70	0.000221366849473735	0	0	0
Mpower_1p5	R2	70	-0.00223263889925158	0	0	0
Mpower_1p5	R1	71	0.00106187171871798	0	0	0
Mpower_1p5	R2	71	0.00151002244099227	0	0	0
Mpower_1p5	R1	72	0.000766132546747906	0	0	0
Mpower_1p5	R2	72	-1.69956827889647e-05	0	0	0
Mpower_1p5	R1	73	-0.00144788475309274	0	0	0
Mpower_1p5	R2	73	-0.000358806038075116	0	0	0
Mpower_1p5	R1	74	-0.00161869539527342	0	0	0
Mpower_1p5	R2	74	0.00244763028667104	0	0	0
Mpower_1p5	R1	75	-0.000594048368629408	0	0	0
Mpower_1p5	R2	75	-0.00136617228457891	0	0	0
Mpower_1p5	R1	76	0.00194135484202184	0	0	0
Mpower_1p5	R2	76	-1.34112523593318e-05	0	0	0
Mpower_1p5	R1	77	-0.000222281841485701	0	0	0
Mpower_1p5	R2	77	-0.00314419428362317	0	1	0
Mpower_1p5	R1	78	-0.00239725409514269	0	0	0
Mpower_1p5	R2	78	8.85624436666113e-05	0	0	0
Mpower_1p5	R1	79	0.00125307096593485	0	0	0
Mpower_1p5	R2	79	-0.000280787975533461	0	0	0
Mpower_1p5	R1	80	0.000303517590522738	0	0	0
Mpower_1p5	R2	80	0.00123650455249597	0	0	0
Mpower_1p5	R1	81	-0.00111078635713648	0	0	0
Mpower_1p5	R2	81	-0.00121798360695561	0	0	0
Mpower_1p5	R1	82	0.000259938532093834	0	0	0
Mpower_1p5	R2	82	0.000127716594952273	0	0	0
Mpower_1p5	R1	83	-0.00042557909063704	0	0	0
Mpower_1p5	R2	83	-0.00225479366301045	0	0	0
Mpower_1p5	R1	84	-0.00142926238350657	0	0	0
Mpower_1p5	R2	84	-0.00232860111983227	0	0	0
Mpower_1p5	R1	85	-0.000737081035254504	0	0	0
Mpower_1p5	R2	85	0.000484442239617746	0	0	0
Mpower_1p5	R1	86	-0.000511872629492767	0	0	0
Mpower_1p5	R2	86	0.00136320355716805	0	0	0
Mpower_1p5	R1	87	0.000354477772209619	0	0	0
Mpower_1p5	R2	87	0.00166498758737542	0	0	0
Mpower_1p5	R1	88	-0.0022335346916738	0	0	0
Mpower_1p5	R2	88	-0.00102483118844556	0	0	0
Mpower_1p5	R1	89	-0.000543259089563765	0	0	0
Mpower_1p5	R2	89	0.000111915733070929	0	0	0
Mpower_1p5	R1	90	-0.000126903026882682	0	0	0
Mpower_1p5	R2	90	-0.000623059241099722	0	0	0
Mpower_1p5	R1	91	-0.00217140155774742	0	0	0
Mpower_1p5	R2	91	0.00052644848124742	0	0	0
Mpower_1p5	R1	92	0.00107002511461472	0	0	0
Mpower_1p5	R2	92	0.000376645992247718	0	0	0
Mpower_1p5	R1	93	-0.000329914958110331	0	0	0
Mpower_1p5	R2	93	0.00206288711480339	0	0	0
Mpower_1p5	R1	94	-0.000929200222292122	0	0	0
Mpower_1p5	R2	94	-0.00104485531802664	0	0	0
Mpower_1p5	R1	95	-0.000352656462119943	0	0	0
Mpower_1p5	R2	95	-0.000171275642354828	0	0	0
Mpower_1p5	R1	96	-0.000279569228123164	0	0	0
Mpower_1p5	R2	96	0.000780616465041517	0	0	0
Mpower_1p5	R1	97	-0.00194761237175834	0	0	0
Mpower_1p5	R2	97	0.00034240153614156	0	0	0
Mpower_1p5	R1	98	0.000761067709772843	0	0	0
Mpower_1p5	R2	98	0.0018130384079962	0	0	0
Mpower_1p5	R1	99	0.000307601391852615	0	0	0
Mpower_1p5	R2	99	-0.000129320725240056	0	0	0
Mpower_1p5	R1	100	0.000244155330325927	0	0	0
Mpower_1p5	R2	100	-0.000875541365779777	0	0	0
Mpower_1p5	R1	101	-0.000312299321069022	0	0	0
Mpower_1p5	R2	101	0.00103898418097359	0	0	0
Mpower_1p5	R1	102	0.0019588359904151	0	0	0
Mpower_1p5	R2	102	0.000380246011838184	0	0	0
Mpower_1p5	R1	103	-0.000484293356436487	0	0	0
Mpower_1p5	R2	103	0.00101769399991942	0	0	0
Mpower_1p5	R1	104	0.00132981247418959	0	0	0
Mpower_1p5	R2	104	0.000374477079555171	0	0	0
Mpower_1p5	R1	105	-0.00364818995499324	0	1	0
Mpower_1p5	R2	105	-0.00357183738253529	0	1	0
Mpower_1p5	R1	106	0.000623305108397458	0	0	0
Mpower_1p5	R2	106	0.000397017394489207	0	0	0
Mpower_1p5	R1	107	0.000896811270301019	0	0	0
Mpower_1p5	R2	107	-0.000726827526577683	0	0	0
Mpower_1p5	R1	108	-0.00170610451066959	0	0	0
Mpower_1p5	R2	108	-0.00196466715281721	0	0	0
Mpower_1p5	R1	109	-0.00269225566923906	0	0	0
Mpower_1p5	R2	109	0.00202834820403068	0	0	0
Mpower_1p5	R1	110	0.000811230450028205	0	0	0
Mpower_1p5	R2	110	0.000713015074781144	0	0	0
Mpower_1p5	R1	111	-0.00120250869800871	0	0	0
Mpower_1p5	R2	111	-0.000195096443734705	0	0	0
Mpower_1p5	R1	112	0.000380638615228367	0	0	0
Mpower_1p5	R2	112	0.0010019714612729	0	0	0
Mpower_1p5	R1	113	0.00120308337293846	0	0	0
Mpower_1p5	R2	113	0.000593582031259596	0	0	0
Mpower_1p5	R1	114	-0.0013448967538066	0	0	0
Mpower_1p5	R2	114	0.00302250298918113	0	0	0
Mpower_1p5	R1	115	0.00125490394011708	0	0	0
Mpower_1p5	R2	115	0.00105071849878822	0	0	0
Mpower_1p5	R1	116	-0.000104583807729728	0	0	0
Mpower_1p5	R2	116	-2.38302423386537e-05	0	0	0
Mpower_1p5	R1	117	0.00115627676509443	0	0	0
Mpower_1p5	R2	117	-0.00155104367141052	0	0	0
Mpower_1p5	R1	118	-0.00068554992054845	0	0	0
Mpower_1p5	R2	118	-0.00404290308972211	0	1	0
Mpower_1p5	R1	119	0.00088442342211014	0	0	0
Mpower_1p5	R2	119	5.14897904915726e-05	0	0	0
Mpower_1p5	R1	120	0.000738719960427445	0	0	0
Mpower_1p5	R2	120	0.000817962240500259	0	0	0
corner_probe_G06	R1	1	-0.000711408216982748	0	0	0
corner_probe_G06	R2	1	-0.00198841168210173	0	0	0
corner_probe_G06	R1	2	-0.000684729346003516	0	0	0
corner_probe_G06	R2	2	-0.0014137666564633	0	0	0
corner_probe_G06	R1	3	-0.000221515709735599	0	0	0
corner_probe_G06	R2	3	0.000448263653287284	0	0	0
corner_probe_G06	R1	4	0.000833166202060237	0	0	0
corner_probe_G06	R2	4	0.000316725256649137	0	0	0
corner_probe_G06	R1	5	0.00269853622947424	0	0	0
corner_probe_G06	R2	5	0.00148732379094001	0	0	0
corner_probe_G06	R1	6	-0.000912199134118982	0	0	0
corner_probe_G06	R2	6	-0.00144194980874484	0	0	0
corner_probe_G06	R1	7	0.000194821810739645	0	0	0
corner_probe_G06	R2	7	-0.00133919961617719	0	0	0
corner_probe_G06	R1	8	-0.000872392244845625	0	0	0
corner_probe_G06	R2	8	0.000345612799569409	0	0	0
corner_probe_G06	R1	9	-0.00254280508228939	0	0	0
corner_probe_G06	R2	9	0.000375623061097975	0	0	0
corner_probe_G06	R1	10	-4.18402059385915e-07	0	0	0
corner_probe_G06	R2	10	-0.000353439901137948	0	0	0
corner_probe_G06	R1	11	-0.000538238243519109	0	0	0
corner_probe_G06	R2	11	-0.0029282795290182	0	1	0
corner_probe_G06	R1	12	0.000725118736730889	0	0	0
corner_probe_G06	R2	12	-0.00119636004551019	0	0	0
corner_probe_G06	R1	13	0.00115612954226721	0	0	0
corner_probe_G06	R2	13	-1.8807159694979e-05	0	0	0
corner_probe_G06	R1	14	-0.000658288416455651	0	0	0
corner_probe_G06	R2	14	0.00160291662109732	0	0	0
corner_probe_G06	R1	15	0.00269352266829049	0	0	0
corner_probe_G06	R2	15	-0.00165383179524019	0	0	0
corner_probe_G06	R1	16	-0.00200496646511988	0	0	0
corner_probe_G06	R2	16	-0.000658702797664712	0	0	0
corner_probe_G06	R1	17	0.000721182153188387	0	0	0
corner_probe_G06	R2	17	-0.000405186904740932	0	0	0
corner_probe_G06	R1	18	-0.000296739410014299	0	0	0
corner_probe_G06	R2	18	-0.000933050921574814	0	0	0
corner_probe_G06	R1	19	-0.00103764267074809	0	0	0
corner_probe_G06	R2	19	0.00151612391636099	0	0	0
corner_probe_G06	R1	20	-0.000548122199877669	0	0	0
corner_probe_G06	R2	20	0.00228110407471289	0	0	0
corner_probe_G06	R1	21	0.000283916956143648	0	0	0
corner_probe_G06	R2	21	0.00229237278263358	0	0	0
corner_probe_G06	R1	22	-0.00195983253700301	0	0	0
corner_probe_G06	R2	22	0.000137824998646254	0	0	0
corner_probe_G06	R1	23	-0.00316479037859818	0	0	0
corner_probe_G06	R2	23	-0.00164653018043727	0	0	0
corner_probe_G06	R1	24	-6.12636291090171e-05	0	0	0
corner_probe_G06	R2	24	-0.0014095649543639	0	0	0
corner_probe_G06	R1	25	-0.000493594721246125	0	0	0
corner_probe_G06	R2	25	-0.00318510776326006	0	1	0
corner_probe_G06	R1	26	-0.000878790084168383	0	0	0
corner_probe_G06	R2	26	-0.000184231201652996	0	0	0
corner_probe_G06	R1	27	-0.00169584876074209	0	0	0
corner_probe_G06	R2	27	-0.0018736853308111	0	0	0
corner_probe_G06	R1	28	0.000106850758898106	0	0	0
corner_probe_G06	R2	28	-0.00101629336542237	0	0	0
corner_probe_G06	R1	29	-0.00228985969426313	0	0	0
corner_probe_G06	R2	29	0.000335317853175127	0	0	0
corner_probe_G06	R1	30	-0.000532377674963438	0	0	0
corner_probe_G06	R2	30	0.000968629057710344	0	0	0
corner_probe_G06	R1	31	-0.00178794899304286	0	0	0
corner_probe_G06	R2	31	-0.000987707073885619	0	0	0
corner_probe_G06	R1	32	-0.000199155757750637	0	0	0
corner_probe_G06	R2	32	-0.00192380600268961	0	0	0
corner_probe_G06	R1	33	-0.00128104557406409	0	0	0
corner_probe_G06	R2	33	-0.000371858112354758	0	0	0
corner_probe_G06	R1	34	-4.95665486076126e-05	0	0	0
corner_probe_G06	R2	34	-0.00138453012303039	0	0	0
corner_probe_G06	R1	35	0.000912464117468545	0	0	0
corner_probe_G06	R2	35	-0.00128925997013818	0	0	0
corner_probe_G06	R1	36	-0.00110423627793909	0	0	0
corner_probe_G06	R2	36	0.001461055508047	0	0	0
corner_probe_G06	R1	37	0.000430248373409217	0	0	0
corner_probe_G06	R2	37	-0.000188270985025853	0	0	0
corner_probe_G06	R1	38	-0.00100109238024985	0	0	0
corner_probe_G06	R2	38	-0.000130794575757868	0	0	0
corner_probe_G06	R1	39	0.000941731491122698	0	0	0
corner_probe_G06	R2	39	-0.0010846969144533	0	0	0
corner_probe_G06	R1	40	0.00086896486951566	0	0	0
corner_probe_G06	R2	40	0.000266498163697393	0	0	0
corner_probe_G06	R1	41	0.000608209150969233	0	0	0
corner_probe_G06	R2	41	-0.000642192898525622	0	0	0
corner_probe_G06	R1	42	0.000361691132433285	0	0	0
corner_probe_G06	R2	42	-0.000305931908312166	0	0	0
corner_probe_G06	R1	43	-0.00215749498242077	0	0	0
corner_probe_G06	R2	43	-0.00102731993735468	0	0	0
corner_probe_G06	R1	44	-0.000581891834110262	0	0	0
corner_probe_G06	R2	44	0.000428140318680387	0	0	0
corner_probe_G06	R1	45	-0.00128273564555576	0	0	0
corner_probe_G06	R2	45	0.00226398651639636	0	0	0
corner_probe_G06	R1	46	-0.000149206911724406	0	0	0
corner_probe_G06	R2	46	-0.00126823968176785	0	0	0
corner_probe_G06	R1	47	-0.00102758444699255	0	0	0
corner_probe_G06	R2	47	0.000747667373242378	0	0	0
corner_probe_G06	R1	48	-0.000115195240093208	0	0	0
corner_probe_G06	R2	48	0.00210426737126701	0	1	0
corner_probe_G06	R1	49	-0.00281135356033678	0	0	0
corner_probe_G06	R2	49	-0.00126271403120274	0	0	0
corner_probe_G06	R1	50	-0.00337490308583329	0	1	0
corner_probe_G06	R2	50	0.000632129147036317	0	0	0
historical_1p0	R1	1	NaN	NaN	0	0
historical_1p0	R2	1	NaN	NaN	0	1
historical_1p0	R1	2	NaN	NaN	0	0
historical_1p0	R2	2	NaN	NaN	0	0
historical_1p0	R1	3	NaN	NaN	0	0
historical_1p0	R2	3	NaN	NaN	0	0
historical_1p0	R1	4	NaN	NaN	0	0
historical_1p0	R2	4	NaN	NaN	0	0
historical_1p0	R1	5	NaN	NaN	0	1
historical_1p0	R2	5	NaN	NaN	0	1
historical_1p0	R1	6	NaN	NaN	0	0
historical_1p0	R2	6	NaN	NaN	0	1
historical_1p0	R1	7	NaN	NaN	0	1
historical_1p0	R2	7	NaN	NaN	0	1
historical_1p0	R1	8	NaN	NaN	0	1
historical_1p0	R2	8	NaN	NaN	0	0
historical_1p0	R1	9	NaN	NaN	0	1
historical_1p0	R2	9	NaN	NaN	0	0
historical_1p0	R1	10	NaN	NaN	0	0
historical_1p0	R2	10	NaN	NaN	0	0
historical_1p0	R1	11	NaN	NaN	0	0
historical_1p0	R2	11	NaN	NaN	0	1
historical_1p0	R1	12	NaN	NaN	0	0
historical_1p0	R2	12	NaN	NaN	0	0
historical_1p0	R1	13	NaN	NaN	0	0
historical_1p0	R2	13	NaN	NaN	0	0
historical_1p0	R1	14	NaN	NaN	0	0
historical_1p0	R2	14	NaN	NaN	0	0
historical_1p0	R1	15	NaN	NaN	0	0
historical_1p0	R2	15	NaN	NaN	1	0
historical_1p0	R1	16	NaN	NaN	0	1
historical_1p0	R2	16	NaN	NaN	0	1
historical_1p0	R1	17	NaN	NaN	0	1
historical_1p0	R2	17	NaN	NaN	0	1
historical_1p0	R1	18	NaN	NaN	0	1
historical_1p0	R2	18	NaN	NaN	0	0
historical_1p0	R1	19	NaN	NaN	0	1
historical_1p0	R2	19	NaN	NaN	0	0
historical_1p0	R1	20	NaN	NaN	0	1
historical_1p0	R2	20	NaN	NaN	0	1
historical_1p0	R1	21	NaN	NaN	0	1
historical_1p0	R2	21	NaN	NaN	0	0
historical_1p0	R1	22	NaN	NaN	0	0
historical_1p0	R2	22	NaN	NaN	0	0
historical_1p0	R1	23	NaN	NaN	0	0
historical_1p0	R2	23	NaN	NaN	0	1
historical_1p0	R1	24	NaN	NaN	0	0
historical_1p0	R2	24	NaN	NaN	0	0
historical_1p0	R1	25	NaN	NaN	0	0
historical_1p0	R2	25	NaN	NaN	0	1
historical_1p0	R1	26	NaN	NaN	0	0
historical_1p0	R2	26	NaN	NaN	0	0
historical_1p0	R1	27	NaN	NaN	0	0
historical_1p0	R2	27	NaN	NaN	0	1
historical_1p0	R1	28	NaN	NaN	0	1
historical_1p0	R2	28	NaN	NaN	0	0
historical_1p0	R1	29	NaN	NaN	0	1
historical_1p0	R2	29	NaN	NaN	0	0
historical_1p0	R1	30	NaN	NaN	0	0
historical_1p0	R2	30	NaN	NaN	0	0
historical_1p0	R1	31	NaN	NaN	0	0
historical_1p0	R2	31	NaN	NaN	0	0
historical_1p0	R1	32	NaN	NaN	0	1
historical_1p0	R2	32	NaN	NaN	0	0
historical_1p0	R1	33	NaN	NaN	0	1
historical_1p0	R2	33	NaN	NaN	0	0
historical_1p0	R1	34	NaN	NaN	0	1
historical_1p0	R2	34	NaN	NaN	0	0
historical_1p0	R1	35	NaN	NaN	0	0
historical_1p0	R2	35	NaN	NaN	0	0
historical_1p0	R1	36	NaN	NaN	0	1
historical_1p0	R2	36	NaN	NaN	0	0
historical_1p0	R1	37	NaN	NaN	0	1
historical_1p0	R2	37	NaN	NaN	0	0
historical_1p0	R1	38	NaN	NaN	1	0
historical_1p0	R2	38	NaN	NaN	0	0
historical_1p0	R1	39	NaN	NaN	0	1
historical_1p0	R2	39	NaN	NaN	0	0
historical_1p0	R1	40	NaN	NaN	0	1
historical_1p0	R2	40	NaN	NaN	0	0
historical_1p0	R1	41	NaN	NaN	0	1
historical_1p0	R2	41	NaN	NaN	0	0
historical_1p0	R1	42	NaN	NaN	0	0
historical_1p0	R2	42	NaN	NaN	0	0
historical_1p0	R1	43	NaN	NaN	0	0
historical_1p0	R2	43	NaN	NaN	0	0
historical_1p0	R1	44	NaN	NaN	0	1
historical_1p0	R2	44	NaN	NaN	0	0
historical_1p0	R1	45	NaN	NaN	0	0
historical_1p0	R2	45	NaN	NaN	0	1
historical_1p0	R1	46	NaN	NaN	0	0
historical_1p0	R2	46	NaN	NaN	0	1
historical_1p0	R1	47	NaN	NaN	0	0
historical_1p0	R2	47	NaN	NaN	0	0
historical_1p0	R1	48	NaN	NaN	0	0
historical_1p0	R2	48	NaN	NaN	0	0
historical_1p0	R1	49	NaN	NaN	0	1
historical_1p0	R2	49	NaN	NaN	0	0
historical_1p0	R1	50	NaN	NaN	0	0
historical_1p0	R2	50	NaN	NaN	0	0
historical_1p0	R1	51	NaN	NaN	0	1
historical_1p0	R2	51	NaN	NaN	0	1
historical_1p0	R1	52	NaN	NaN	0	0
historical_1p0	R2	52	NaN	NaN	0	0
historical_1p0	R1	53	NaN	NaN	0	1
historical_1p0	R2	53	NaN	NaN	0	1
historical_1p0	R1	54	NaN	NaN	0	0
historical_1p0	R2	54	NaN	NaN	0	0
historical_1p0	R1	55	NaN	NaN	0	0
historical_1p0	R2	55	NaN	NaN	0	0
historical_1p0	R1	56	NaN	NaN	0	0
historical_1p0	R2	56	NaN	NaN	0	0
historical_1p0	R1	57	NaN	NaN	1	1
historical_1p0	R2	57	NaN	NaN	0	1
historical_1p0	R1	58	NaN	NaN	0	0
historical_1p0	R2	58	NaN	NaN	0	1
historical_1p0	R1	59	NaN	NaN	0	1
historical_1p0	R2	59	NaN	NaN	0	0
historical_1p0	R1	60	NaN	NaN	0	0
historical_1p0	R2	60	NaN	NaN	0	0
historical_1p0	R1	61	NaN	NaN	0	1
historical_1p0	R2	61	NaN	NaN	0	1
historical_1p0	R1	62	NaN	NaN	0	0
historical_1p0	R2	62	NaN	NaN	0	0
historical_1p0	R1	63	NaN	NaN	0	0
historical_1p0	R2	63	NaN	NaN	0	0
historical_1p0	R1	64	NaN	NaN	0	1
historical_1p0	R2	64	NaN	NaN	0	1
historical_1p0	R1	65	NaN	NaN	0	1
historical_1p0	R2	65	NaN	NaN	0	1
historical_1p0	R1	66	NaN	NaN	0	1
historical_1p0	R2	66	NaN	NaN	0	0
historical_1p0	R1	67	NaN	NaN	0	0
historical_1p0	R2	67	NaN	NaN	0	0
historical_1p0	R1	68	NaN	NaN	0	0
historical_1p0	R2	68	NaN	NaN	0	1
historical_1p0	R1	69	NaN	NaN	0	0
historical_1p0	R2	69	NaN	NaN	1	0
historical_1p0	R1	70	NaN	NaN	0	1
historical_1p0	R2	70	NaN	NaN	0	0
historical_1p0	R1	71	NaN	NaN	1	0
historical_1p0	R2	71	NaN	NaN	0	0
historical_1p0	R1	72	NaN	NaN	0	1
historical_1p0	R2	72	NaN	NaN	0	0
historical_1p0	R1	73	NaN	NaN	0	1
historical_1p0	R2	73	NaN	NaN	0	0
historical_1p0	R1	74	NaN	NaN	0	1
historical_1p0	R2	74	NaN	NaN	0	0
historical_1p0	R1	75	NaN	NaN	0	1
historical_1p0	R2	75	NaN	NaN	0	0
historical_1p0	R1	76	NaN	NaN	0	0
historical_1p0	R2	76	NaN	NaN	0	0
historical_1p0	R1	77	NaN	NaN	0	1
historical_1p0	R2	77	NaN	NaN	0	1
historical_1p0	R1	78	NaN	NaN	0	1
historical_1p0	R2	78	NaN	NaN	0	0
historical_1p0	R1	79	NaN	NaN	0	1
historical_1p0	R2	79	NaN	NaN	0	0
historical_1p0	R1	80	NaN	NaN	0	0
historical_1p0	R2	80	NaN	NaN	0	0
historical_1p0	R1	81	NaN	NaN	0	0
historical_1p0	R2	81	NaN	NaN	0	1
historical_1p0	R1	82	NaN	NaN	0	1
historical_1p0	R2	82	NaN	NaN	0	0
historical_1p0	R1	83	NaN	NaN	0	0
historical_1p0	R2	83	NaN	NaN	0	1
historical_1p0	R1	84	NaN	NaN	0	1
historical_1p0	R2	84	NaN	NaN	0	0
historical_1p0	R1	85	NaN	NaN	0	0
historical_1p0	R2	85	NaN	NaN	0	0
historical_1p0	R1	86	NaN	NaN	0	0
historical_1p0	R2	86	NaN	NaN	0	0
historical_1p0	R1	87	NaN	NaN	0	0
historical_1p0	R2	87	NaN	NaN	0	1
historical_1p0	R1	88	NaN	NaN	0	0
historical_1p0	R2	88	NaN	NaN	0	0
historical_1p0	R1	89	NaN	NaN	0	0
historical_1p0	R2	89	NaN	NaN	0	0
historical_1p0	R1	90	NaN	NaN	0	0
historical_1p0	R2	90	NaN	NaN	0	1
historical_1p0	R1	91	NaN	NaN	0	0
historical_1p0	R2	91	NaN	NaN	0	0
historical_1p0	R1	92	NaN	NaN	0	1
historical_1p0	R2	92	NaN	NaN	0	0
historical_1p0	R1	93	NaN	NaN	0	1
historical_1p0	R2	93	NaN	NaN	0	0
historical_1p0	R1	94	NaN	NaN	0	0
historical_1p0	R2	94	NaN	NaN	0	0
historical_1p0	R1	95	NaN	NaN	0	0
historical_1p0	R2	95	NaN	NaN	0	0
historical_1p0	R1	96	NaN	NaN	0	0
historical_1p0	R2	96	NaN	NaN	0	0
historical_1p0	R1	97	NaN	NaN	0	0
historical_1p0	R2	97	NaN	NaN	0	1
historical_1p0	R1	98	NaN	NaN	0	1
historical_1p0	R2	98	NaN	NaN	0	0
historical_1p0	R1	99	NaN	NaN	0	0
historical_1p0	R2	99	NaN	NaN	0	0
historical_1p0	R1	100	NaN	NaN	0	0
historical_1p0	R2	100	NaN	NaN	0	0
historical_1p0	R1	101	NaN	NaN	0	1
historical_1p0	R2	101	NaN	NaN	0	0
historical_1p0	R1	102	NaN	NaN	0	1
historical_1p0	R2	102	NaN	NaN	0	0
historical_1p0	R1	103	NaN	NaN	0	1
historical_1p0	R2	103	NaN	NaN	0	0
historical_1p0	R1	104	NaN	NaN	0	0
historical_1p0	R2	104	NaN	NaN	0	1
historical_1p0	R1	105	NaN	NaN	0	0
historical_1p0	R2	105	NaN	NaN	0	0
historical_1p0	R1	106	NaN	NaN	0	0
historical_1p0	R2	106	NaN	NaN	0	1
historical_1p0	R1	107	NaN	NaN	0	1
historical_1p0	R2	107	NaN	NaN	0	0
historical_1p0	R1	108	NaN	NaN	0	0
historical_1p0	R2	108	NaN	NaN	0	0
historical_1p0	R1	109	NaN	NaN	0	0
historical_1p0	R2	109	NaN	NaN	0	0
historical_1p0	R1	110	NaN	NaN	0	0
historical_1p0	R2	110	NaN	NaN	0	1
historical_1p0	R1	111	NaN	NaN	0	0
historical_1p0	R2	111	NaN	NaN	0	1
historical_1p0	R1	112	NaN	NaN	0	0
historical_1p0	R2	112	NaN	NaN	0	1
historical_1p0	R1	113	NaN	NaN	0	0
historical_1p0	R2	113	NaN	NaN	0	1
historical_1p0	R1	114	NaN	NaN	0	1
historical_1p0	R2	114	NaN	NaN	0	0
historical_1p0	R1	115	NaN	NaN	0	0
historical_1p0	R2	115	NaN	NaN	0	0
historical_1p0	R1	116	NaN	NaN	0	0
historical_1p0	R2	116	NaN	NaN	0	1
historical_1p0	R1	117	NaN	NaN	0	0
historical_1p0	R2	117	NaN	NaN	0	1
historical_1p0	R1	118	NaN	NaN	0	0
historical_1p0	R2	118	NaN	NaN	1	0
historical_1p0	R1	119	NaN	NaN	0	1
historical_1p0	R2	119	NaN	NaN	0	1
historical_1p0	R1	120	NaN	NaN	0	1
historical_1p0	R2	120	NaN	NaN	0	0
historical_1p0	R1	121	NaN	NaN	0	0
historical_1p0	R2	121	NaN	NaN	0	1
historical_1p0	R1	122	NaN	NaN	0	1
historical_1p0	R2	122	NaN	NaN	0	0
historical_1p0	R1	123	NaN	NaN	0	1
historical_1p0	R2	123	NaN	NaN	0	0
historical_1p0	R1	124	NaN	NaN	0	0
historical_1p0	R2	124	NaN	NaN	0	1
historical_1p0	R1	125	NaN	NaN	0	1
historical_1p0	R2	125	NaN	NaN	0	0
historical_1p0	R1	126	NaN	NaN	0	0
historical_1p0	R2	126	NaN	NaN	0	0
historical_1p0	R1	127	NaN	NaN	0	0
historical_1p0	R2	127	NaN	NaN	0	1
historical_1p0	R1	128	NaN	NaN	0	0
historical_1p0	R2	128	NaN	NaN	1	0
historical_1p0	R1	129	NaN	NaN	0	0
historical_1p0	R2	129	NaN	NaN	0	0
historical_1p0	R1	130	NaN	NaN	0	1
historical_1p0	R2	130	NaN	NaN	0	1
historical_1p0	R1	131	NaN	NaN	0	0
historical_1p0	R2	131	NaN	NaN	0	1
historical_1p0	R1	132	NaN	NaN	0	0
historical_1p0	R2	132	NaN	NaN	0	0
historical_1p0	R1	133	NaN	NaN	0	1
historical_1p0	R2	133	NaN	NaN	0	1
historical_1p0	R1	134	NaN	NaN	0	0
historical_1p0	R2	134	NaN	NaN	0	1
historical_1p0	R1	135	NaN	NaN	0	0
historical_1p0	R2	135	NaN	NaN	0	0
historical_1p0	R1	136	NaN	NaN	0	0
historical_1p0	R2	136	NaN	NaN	0	0
historical_1p0	R1	137	NaN	NaN	0	0
historical_1p0	R2	137	NaN	NaN	0	0
historical_1p0	R1	138	NaN	NaN	0	1
historical_1p0	R2	138	NaN	NaN	0	0
historical_1p0	R1	139	NaN	NaN	0	0
historical_1p0	R2	139	NaN	NaN	0	1
historical_1p0	R1	140	NaN	NaN	1	0
historical_1p0	R2	140	NaN	NaN	0	0
historical_1p0	R1	141	NaN	NaN	0	0
historical_1p0	R2	141	NaN	NaN	0	0
historical_1p0	R1	142	NaN	NaN	0	1
historical_1p0	R2	142	NaN	NaN	0	1
historical_1p0	R1	143	NaN	NaN	0	0
historical_1p0	R2	143	NaN	NaN	0	0
historical_1p0	R1	144	NaN	NaN	0	1
historical_1p0	R2	144	NaN	NaN	0	1
historical_1p0	R1	145	NaN	NaN	0	1
historical_1p0	R2	145	NaN	NaN	0	0
historical_1p0	R1	146	NaN	NaN	0	1
historical_1p0	R2	146	NaN	NaN	0	1
historical_1p0	R1	147	NaN	NaN	0	1
historical_1p0	R2	147	NaN	NaN	0	0
historical_1p0	R1	148	NaN	NaN	0	1
historical_1p0	R2	148	NaN	NaN	1	0
historical_1p0	R1	149	NaN	NaN	0	1
historical_1p0	R2	149	NaN	NaN	0	0
historical_1p0	R1	150	NaN	NaN	0	0
historical_1p0	R2	150	NaN	NaN	0	0
historical_1p0	R1	151	NaN	NaN	0	0
historical_1p0	R2	151	NaN	NaN	0	0
historical_1p0	R1	152	NaN	NaN	0	1
historical_1p0	R2	152	NaN	NaN	0	1
historical_1p0	R1	153	NaN	NaN	0	0
historical_1p0	R2	153	NaN	NaN	0	0
historical_1p0	R1	154	NaN	NaN	0	1
historical_1p0	R2	154	NaN	NaN	0	0
historical_1p0	R1	155	NaN	NaN	0	0
historical_1p0	R2	155	NaN	NaN	0	0
historical_1p0	R1	156	NaN	NaN	0	0
historical_1p0	R2	156	NaN	NaN	0	1
historical_1p0	R1	157	NaN	NaN	0	1
historical_1p0	R2	157	NaN	NaN	1	1
historical_1p0	R1	158	NaN	NaN	0	0
historical_1p0	R2	158	NaN	NaN	0	0
historical_1p0	R1	159	NaN	NaN	0	0
historical_1p0	R2	159	NaN	NaN	0	0
historical_1p0	R1	160	NaN	NaN	0	0
historical_1p0	R2	160	NaN	NaN	0	0
historical_1p0	R1	161	NaN	NaN	0	0
historical_1p0	R2	161	NaN	NaN	0	1
historical_1p0	R1	162	NaN	NaN	0	1
historical_1p0	R2	162	NaN	NaN	0	0
historical_1p0	R1	163	NaN	NaN	0	1
historical_1p0	R2	163	NaN	NaN	0	0
historical_1p0	R1	164	NaN	NaN	0	0
historical_1p0	R2	164	NaN	NaN	0	0
historical_1p0	R1	165	NaN	NaN	0	1
historical_1p0	R2	165	NaN	NaN	0	1
historical_1p0	R1	166	NaN	NaN	0	1
historical_1p0	R2	166	NaN	NaN	0	1
historical_1p0	R1	167	NaN	NaN	0	0
historical_1p0	R2	167	NaN	NaN	0	1
historical_1p0	R1	168	NaN	NaN	0	0
historical_1p0	R2	168	NaN	NaN	0	0
historical_1p0	R1	169	NaN	NaN	0	0
historical_1p0	R2	169	NaN	NaN	0	0
historical_1p0	R1	170	NaN	NaN	0	0
historical_1p0	R2	170	NaN	NaN	0	0
historical_1p0	R1	171	NaN	NaN	0	0
historical_1p0	R2	171	NaN	NaN	0	0
historical_1p0	R1	172	NaN	NaN	0	1
historical_1p0	R2	172	NaN	NaN	0	1
historical_1p0	R1	173	NaN	NaN	0	0
historical_1p0	R2	173	NaN	NaN	0	0
historical_1p0	R1	174	NaN	NaN	1	0
historical_1p0	R2	174	NaN	NaN	0	0
historical_1p0	R1	175	NaN	NaN	0	1
historical_1p0	R2	175	NaN	NaN	0	1
historical_1p0	R1	176	NaN	NaN	0	0
historical_1p0	R2	176	NaN	NaN	0	0
historical_1p0	R1	177	NaN	NaN	0	1
historical_1p0	R2	177	NaN	NaN	0	0
historical_1p0	R1	178	NaN	NaN	0	0
historical_1p0	R2	178	NaN	NaN	0	1
historical_1p0	R1	179	NaN	NaN	0	1
historical_1p0	R2	179	NaN	NaN	0	0
historical_1p0	R1	180	NaN	NaN	0	1
historical_1p0	R2	180	NaN	NaN	0	0
historical_1p0	R1	181	NaN	NaN	0	1
historical_1p0	R2	181	NaN	NaN	0	1
historical_1p0	R1	182	NaN	NaN	0	0
historical_1p0	R2	182	NaN	NaN	0	0
historical_1p0	R1	183	NaN	NaN	0	0
historical_1p0	R2	183	NaN	NaN	0	0
historical_1p0	R1	184	NaN	NaN	0	0
historical_1p0	R2	184	NaN	NaN	0	0
historical_1p0	R1	185	NaN	NaN	0	1
historical_1p0	R2	185	NaN	NaN	0	0
historical_1p0	R1	186	NaN	NaN	0	0
historical_1p0	R2	186	NaN	NaN	0	1
historical_1p0	R1	187	NaN	NaN	0	1
historical_1p0	R2	187	NaN	NaN	0	0
historical_1p0	R1	188	NaN	NaN	0	1
historical_1p0	R2	188	NaN	NaN	0	0
historical_1p0	R1	189	NaN	NaN	0	1
historical_1p0	R2	189	NaN	NaN	0	0
historical_1p0	R1	190	NaN	NaN	0	1
historical_1p0	R2	190	NaN	NaN	0	0
historical_1p0	R1	191	NaN	NaN	0	0
historical_1p0	R2	191	NaN	NaN	0	0
historical_1p0	R1	192	NaN	NaN	1	1
historical_1p0	R2	192	NaN	NaN	0	1
historical_1p0	R1	193	NaN	NaN	0	1
historical_1p0	R2	193	NaN	NaN	0	1
historical_1p0	R1	194	NaN	NaN	0	1
historical_1p0	R2	194	NaN	NaN	0	1
historical_1p0	R1	195	NaN	NaN	1	0
historical_1p0	R2	195	NaN	NaN	0	0
historical_1p0	R1	196	NaN	NaN	0	0
historical_1p0	R2	196	NaN	NaN	0	1
historical_1p0	R1	197	NaN	NaN	0	1
historical_1p0	R2	197	NaN	NaN	0	1
historical_1p0	R1	198	NaN	NaN	0	0
historical_1p0	R2	198	NaN	NaN	0	0
historical_1p0	R1	199	NaN	NaN	0	0
historical_1p0	R2	199	NaN	NaN	0	1
historical_1p0	R1	200	NaN	NaN	0	0
historical_1p0	R2	200	NaN	NaN	0	0
historical_1p0	R1	201	NaN	NaN	0	1
historical_1p0	R2	201	NaN	NaN	0	0
historical_1p0	R1	202	NaN	NaN	0	1
historical_1p0	R2	202	NaN	NaN	0	0
historical_1p0	R1	203	NaN	NaN	0	0
historical_1p0	R2	203	NaN	NaN	0	0
historical_1p0	R1	204	NaN	NaN	0	0
historical_1p0	R2	204	NaN	NaN	0	0
historical_1p0	R1	205	NaN	NaN	0	0
historical_1p0	R2	205	NaN	NaN	0	0
historical_1p0	R1	206	NaN	NaN	0	0
historical_1p0	R2	206	NaN	NaN	0	0
historical_1p0	R1	207	NaN	NaN	0	0
historical_1p0	R2	207	NaN	NaN	0	1
historical_1p0	R1	208	NaN	NaN	0	0
historical_1p0	R2	208	NaN	NaN	1	0
historical_1p0	R1	209	NaN	NaN	1	1
historical_1p0	R2	209	NaN	NaN	0	0
historical_1p0	R1	210	NaN	NaN	0	0
historical_1p0	R2	210	NaN	NaN	0	1
historical_1p0	R1	211	NaN	NaN	0	1
historical_1p0	R2	211	NaN	NaN	0	1
historical_1p0	R1	212	NaN	NaN	0	0
historical_1p0	R2	212	NaN	NaN	0	0
historical_1p0	R1	213	NaN	NaN	0	0
historical_1p0	R2	213	NaN	NaN	0	0
historical_1p0	R1	214	NaN	NaN	0	0
historical_1p0	R2	214	NaN	NaN	0	0
historical_1p0	R1	215	NaN	NaN	0	0
historical_1p0	R2	215	NaN	NaN	0	0
historical_1p0	R1	216	NaN	NaN	0	0
historical_1p0	R2	216	NaN	NaN	0	1
historical_1p0	R1	217	NaN	NaN	0	0
historical_1p0	R2	217	NaN	NaN	0	1
historical_1p0	R1	218	NaN	NaN	0	0
historical_1p0	R2	218	NaN	NaN	0	1
historical_1p0	R1	219	NaN	NaN	0	0
historical_1p0	R2	219	NaN	NaN	0	0
historical_1p0	R1	220	NaN	NaN	0	0
historical_1p0	R2	220	NaN	NaN	0	0
historical_1p0	R1	221	NaN	NaN	0	0
historical_1p0	R2	221	NaN	NaN	0	0
historical_1p0	R1	222	NaN	NaN	0	1
historical_1p0	R2	222	NaN	NaN	0	1
historical_1p0	R1	223	NaN	NaN	0	0
historical_1p0	R2	223	NaN	NaN	0	0
historical_1p0	R1	224	NaN	NaN	0	0
historical_1p0	R2	224	NaN	NaN	0	0
historical_1p0	R1	225	NaN	NaN	0	0
historical_1p0	R2	225	NaN	NaN	0	0
historical_1p0	R1	226	NaN	NaN	0	0
historical_1p0	R2	226	NaN	NaN	0	0
historical_1p0	R1	227	NaN	NaN	1	1
historical_1p0	R2	227	NaN	NaN	0	1
historical_1p0	R1	228	NaN	NaN	0	0
historical_1p0	R2	228	NaN	NaN	0	1
historical_1p0	R1	229	NaN	NaN	0	0
historical_1p0	R2	229	NaN	NaN	0	0
historical_1p0	R1	230	NaN	NaN	0	0
historical_1p0	R2	230	NaN	NaN	0	0
historical_1p0	R1	231	NaN	NaN	0	1
historical_1p0	R2	231	NaN	NaN	0	0
historical_1p0	R1	232	NaN	NaN	0	0
historical_1p0	R2	232	NaN	NaN	0	0
historical_1p0	R1	233	NaN	NaN	0	0
historical_1p0	R2	233	NaN	NaN	0	0
historical_1p0	R1	234	NaN	NaN	0	0
historical_1p0	R2	234	NaN	NaN	0	0
historical_1p0	R1	235	NaN	NaN	0	0
historical_1p0	R2	235	NaN	NaN	0	0
historical_1p0	R1	236	NaN	NaN	0	1
historical_1p0	R2	236	NaN	NaN	0	1
historical_1p0	R1	237	NaN	NaN	0	0
historical_1p0	R2	237	NaN	NaN	1	0
historical_1p0	R1	238	NaN	NaN	0	1
historical_1p0	R2	238	NaN	NaN	0	1
historical_1p0	R1	239	NaN	NaN	0	1
historical_1p0	R2	239	NaN	NaN	0	0
historical_1p0	R1	240	NaN	NaN	0	1
historical_1p0	R2	240	NaN	NaN	0	0
historical_1p0	R1	241	NaN	NaN	0	0
historical_1p0	R2	241	NaN	NaN	0	0
historical_1p0	R1	242	NaN	NaN	0	0
historical_1p0	R2	242	NaN	NaN	0	1
historical_1p0	R1	243	NaN	NaN	0	0
historical_1p0	R2	243	NaN	NaN	0	1
historical_1p0	R1	244	NaN	NaN	0	1
historical_1p0	R2	244	NaN	NaN	0	0
historical_1p0	R1	245	NaN	NaN	0	1
historical_1p0	R2	245	NaN	NaN	0	0
historical_1p0	R1	246	NaN	NaN	0	0
historical_1p0	R2	246	NaN	NaN	0	1
historical_1p0	R1	247	NaN	NaN	0	0
historical_1p0	R2	247	NaN	NaN	0	1
historical_1p0	R1	248	NaN	NaN	0	0
historical_1p0	R2	248	NaN	NaN	0	0
historical_1p0	R1	249	NaN	NaN	1	0
historical_1p0	R2	249	NaN	NaN	0	0
historical_1p0	R1	250	NaN	NaN	0	0
historical_1p0	R2	250	NaN	NaN	0	0
historical_1p0	R1	251	NaN	NaN	0	1
historical_1p0	R2	251	NaN	NaN	0	0
historical_1p0	R1	252	NaN	NaN	0	1
historical_1p0	R2	252	NaN	NaN	0	0
historical_1p0	R1	253	NaN	NaN	0	1
historical_1p0	R2	253	NaN	NaN	0	0
historical_1p0	R1	254	NaN	NaN	0	1
historical_1p0	R2	254	NaN	NaN	0	0
historical_1p0	R1	255	NaN	NaN	0	1
historical_1p0	R2	255	NaN	NaN	0	1
historical_1p0	R1	256	NaN	NaN	0	1
historical_1p0	R2	256	NaN	NaN	0	0
historical_1p0	R1	257	NaN	NaN	0	0
historical_1p0	R2	257	NaN	NaN	0	1
historical_1p0	R1	258	NaN	NaN	0	1
historical_1p0	R2	258	NaN	NaN	0	0
historical_1p0	R1	259	NaN	NaN	0	0
historical_1p0	R2	259	NaN	NaN	0	1
historical_1p0	R1	260	NaN	NaN	0	1
historical_1p0	R2	260	NaN	NaN	1	1
historical_1p0	R1	261	NaN	NaN	0	1
historical_1p0	R2	261	NaN	NaN	0	0
historical_1p0	R1	262	NaN	NaN	1	0
historical_1p0	R2	262	NaN	NaN	0	1
historical_1p0	R1	263	NaN	NaN	0	0
historical_1p0	R2	263	NaN	NaN	0	0
historical_1p0	R1	264	NaN	NaN	0	0
historical_1p0	R2	264	NaN	NaN	0	0
historical_1p0	R1	265	NaN	NaN	0	0
historical_1p0	R2	265	NaN	NaN	0	1
historical_1p0	R1	266	NaN	NaN	0	0
historical_1p0	R2	266	NaN	NaN	0	0
historical_1p0	R1	267	NaN	NaN	0	1
historical_1p0	R2	267	NaN	NaN	1	0
historical_1p0	R1	268	NaN	NaN	0	1
historical_1p0	R2	268	NaN	NaN	0	0
historical_1p0	R1	269	NaN	NaN	0	0
historical_1p0	R2	269	NaN	NaN	0	0
historical_1p0	R1	270	NaN	NaN	0	1
historical_1p0	R2	270	NaN	NaN	0	1
historical_1p0	R1	271	NaN	NaN	1	0
historical_1p0	R2	271	NaN	NaN	0	0
historical_1p0	R1	272	NaN	NaN	0	0
historical_1p0	R2	272	NaN	NaN	0	0
historical_1p0	R1	273	NaN	NaN	0	0
historical_1p0	R2	273	NaN	NaN	0	1
historical_1p0	R1	274	NaN	NaN	0	0
historical_1p0	R2	274	NaN	NaN	0	0
historical_1p0	R1	275	NaN	NaN	0	1
historical_1p0	R2	275	NaN	NaN	0	0
historical_1p0	R1	276	NaN	NaN	0	0
historical_1p0	R2	276	NaN	NaN	0	0
historical_1p0	R1	277	NaN	NaN	0	0
historical_1p0	R2	277	NaN	NaN	0	1
historical_1p0	R1	278	NaN	NaN	0	1
historical_1p0	R2	278	NaN	NaN	0	1
historical_1p0	R1	279	NaN	NaN	0	1
historical_1p0	R2	279	NaN	NaN	0	0
historical_1p0	R1	280	NaN	NaN	0	0
historical_1p0	R2	280	NaN	NaN	0	0
historical_1p0	R1	281	NaN	NaN	0	1
historical_1p0	R2	281	NaN	NaN	0	1
historical_1p0	R1	282	NaN	NaN	0	1
historical_1p0	R2	282	NaN	NaN	0	1
historical_1p0	R1	283	NaN	NaN	0	0
historical_1p0	R2	283	NaN	NaN	0	1
historical_1p0	R1	284	NaN	NaN	0	1
historical_1p0	R2	284	NaN	NaN	0	0
historical_1p0	R1	285	NaN	NaN	0	0
historical_1p0	R2	285	NaN	NaN	0	1
historical_1p0	R1	286	NaN	NaN	0	0
historical_1p0	R2	286	NaN	NaN	0	1
historical_1p0	R1	287	NaN	NaN	0	0
historical_1p0	R2	287	NaN	NaN	0	0
historical_1p0	R1	288	NaN	NaN	0	0
historical_1p0	R2	288	NaN	NaN	0	0
historical_1p0	R1	289	NaN	NaN	0	1
historical_1p0	R2	289	NaN	NaN	0	0
historical_1p0	R1	290	NaN	NaN	0	1
historical_1p0	R2	290	NaN	NaN	0	0
historical_1p0	R1	291	NaN	NaN	0	0
historical_1p0	R2	291	NaN	NaN	0	0
historical_1p0	R1	292	NaN	NaN	0	0
historical_1p0	R2	292	NaN	NaN	0	0
historical_1p0	R1	293	NaN	NaN	0	1
historical_1p0	R2	293	NaN	NaN	0	1
historical_1p0	R1	294	NaN	NaN	0	0
historical_1p0	R2	294	NaN	NaN	0	1
historical_1p0	R1	295	NaN	NaN	0	0
historical_1p0	R2	295	NaN	NaN	0	0
historical_1p0	R1	296	NaN	NaN	0	0
historical_1p0	R2	296	NaN	NaN	0	1
historical_1p0	R1	297	NaN	NaN	0	0
historical_1p0	R2	297	NaN	NaN	0	0
historical_1p0	R1	298	NaN	NaN	0	0
historical_1p0	R2	298	NaN	NaN	0	1
historical_1p0	R1	299	NaN	NaN	0	0
historical_1p0	R2	299	NaN	NaN	0	0
historical_1p0	R1	300	NaN	NaN	0	0
historical_1p0	R2	300	NaN	NaN	0	0
historical_1p0	R1	301	NaN	NaN	0	1
historical_1p0	R2	301	NaN	NaN	0	1
historical_1p0	R1	302	NaN	NaN	0	0
historical_1p0	R2	302	NaN	NaN	0	1
historical_1p0	R1	303	NaN	NaN	0	0
historical_1p0	R2	303	NaN	NaN	0	0
historical_1p0	R1	304	NaN	NaN	0	0
historical_1p0	R2	304	NaN	NaN	1	0
historical_1p0	R1	305	NaN	NaN	0	1
historical_1p0	R2	305	NaN	NaN	0	1
historical_1p0	R1	306	NaN	NaN	0	0
historical_1p0	R2	306	NaN	NaN	0	0
historical_1p0	R1	307	NaN	NaN	0	0
historical_1p0	R2	307	NaN	NaN	0	0
historical_1p0	R1	308	NaN	NaN	0	1
historical_1p0	R2	308	NaN	NaN	0	0
historical_1p0	R1	309	NaN	NaN	0	0
historical_1p0	R2	309	NaN	NaN	0	0
historical_1p0	R1	310	NaN	NaN	0	1
historical_1p0	R2	310	NaN	NaN	0	1
historical_1p0	R1	311	NaN	NaN	0	0
historical_1p0	R2	311	NaN	NaN	0	1
historical_1p0	R1	312	NaN	NaN	0	0
historical_1p0	R2	312	NaN	NaN	0	0
historical_1p0	R1	313	NaN	NaN	0	0
historical_1p0	R2	313	NaN	NaN	0	1
historical_1p0	R1	314	NaN	NaN	1	0
historical_1p0	R2	314	NaN	NaN	0	0
historical_1p0	R1	315	NaN	NaN	0	1
historical_1p0	R2	315	NaN	NaN	0	1
historical_1p0	R1	316	NaN	NaN	0	0
historical_1p0	R2	316	NaN	NaN	0	1
historical_1p0	R1	317	NaN	NaN	0	1
historical_1p0	R2	317	NaN	NaN	0	1
historical_1p0	R1	318	NaN	NaN	0	1
historical_1p0	R2	318	NaN	NaN	0	0
historical_1p0	R1	319	NaN	NaN	0	0
historical_1p0	R2	319	NaN	NaN	0	0
historical_1p0	R1	320	NaN	NaN	0	1
historical_1p0	R2	320	NaN	NaN	0	0
historical_1p0	R1	321	NaN	NaN	0	0
historical_1p0	R2	321	NaN	NaN	0	0
historical_1p0	R1	322	NaN	NaN	0	0
historical_1p0	R2	322	NaN	NaN	0	0
historical_1p0	R1	323	NaN	NaN	0	0
historical_1p0	R2	323	NaN	NaN	0	0
historical_1p0	R1	324	NaN	NaN	0	0
historical_1p0	R2	324	NaN	NaN	0	0
historical_1p0	R1	325	NaN	NaN	0	1
historical_1p0	R2	325	NaN	NaN	0	1
historical_1p0	R1	326	NaN	NaN	0	1
historical_1p0	R2	326	NaN	NaN	0	0
historical_1p0	R1	327	NaN	NaN	0	0
historical_1p0	R2	327	NaN	NaN	0	0
historical_1p0	R1	328	NaN	NaN	0	0
historical_1p0	R2	328	NaN	NaN	0	0
historical_1p0	R1	329	NaN	NaN	0	0
historical_1p0	R2	329	NaN	NaN	0	1
historical_1p0	R1	330	NaN	NaN	0	1
historical_1p0	R2	330	NaN	NaN	0	0
historical_1p0	R1	331	NaN	NaN	1	1
historical_1p0	R2	331	NaN	NaN	0	1
historical_1p0	R1	332	NaN	NaN	0	0
historical_1p0	R2	332	NaN	NaN	0	0
historical_1p0	R1	333	NaN	NaN	0	1
historical_1p0	R2	333	NaN	NaN	1	1
historical_1p0	R1	334	NaN	NaN	0	1
historical_1p0	R2	334	NaN	NaN	0	0
historical_1p0	R1	335	NaN	NaN	0	0
historical_1p0	R2	335	NaN	NaN	0	1
historical_1p0	R1	336	NaN	NaN	0	0
historical_1p0	R2	336	NaN	NaN	0	0
historical_1p0	R1	337	NaN	NaN	0	0
historical_1p0	R2	337	NaN	NaN	0	1
historical_1p0	R1	338	NaN	NaN	0	0
historical_1p0	R2	338	NaN	NaN	0	0
historical_1p0	R1	339	NaN	NaN	0	0
historical_1p0	R2	339	NaN	NaN	0	1
historical_1p0	R1	340	NaN	NaN	0	1
historical_1p0	R2	340	NaN	NaN	0	0
historical_1p0	R1	341	NaN	NaN	0	0
historical_1p0	R2	341	NaN	NaN	0	0
historical_1p0	R1	342	NaN	NaN	0	0
historical_1p0	R2	342	NaN	NaN	0	0
historical_1p0	R1	343	NaN	NaN	0	1
historical_1p0	R2	343	NaN	NaN	0	0
historical_1p0	R1	344	NaN	NaN	1	0
historical_1p0	R2	344	NaN	NaN	0	0
historical_1p0	R1	345	NaN	NaN	0	0
historical_1p0	R2	345	NaN	NaN	0	0
historical_1p0	R1	346	NaN	NaN	0	0
historical_1p0	R2	346	NaN	NaN	0	0
historical_1p0	R1	347	NaN	NaN	1	0
historical_1p0	R2	347	NaN	NaN	0	0
historical_1p0	R1	348	NaN	NaN	0	0
historical_1p0	R2	348	NaN	NaN	0	0
historical_1p0	R1	349	NaN	NaN	0	1
historical_1p0	R2	349	NaN	NaN	0	1
historical_1p0	R1	350	NaN	NaN	0	1
historical_1p0	R2	350	NaN	NaN	0	0
historical_1p0	R1	351	NaN	NaN	0	0
historical_1p0	R2	351	NaN	NaN	0	0
historical_1p0	R1	352	NaN	NaN	0	0
historical_1p0	R2	352	NaN	NaN	0	1
historical_1p0	R1	353	NaN	NaN	0	0
historical_1p0	R2	353	NaN	NaN	0	0
historical_1p0	R1	354	NaN	NaN	0	0
historical_1p0	R2	354	NaN	NaN	0	0
historical_1p0	R1	355	NaN	NaN	0	0
historical_1p0	R2	355	NaN	NaN	0	1
historical_1p0	R1	356	NaN	NaN	0	1
historical_1p0	R2	356	NaN	NaN	0	0
historical_1p0	R1	357	NaN	NaN	0	0
historical_1p0	R2	357	NaN	NaN	0	0
historical_1p0	R1	358	NaN	NaN	0	0
historical_1p0	R2	358	NaN	NaN	0	0
historical_1p0	R1	359	NaN	NaN	0	0
historical_1p0	R2	359	NaN	NaN	0	1
historical_1p0	R1	360	NaN	NaN	0	0
historical_1p0	R2	360	NaN	NaN	0	1
historical_1p0	R1	361	NaN	NaN	0	1
historical_1p0	R2	361	NaN	NaN	0	0
historical_1p0	R1	362	NaN	NaN	0	1
historical_1p0	R2	362	NaN	NaN	0	0
historical_1p0	R1	363	NaN	NaN	0	1
historical_1p0	R2	363	NaN	NaN	0	0
historical_1p0	R1	364	NaN	NaN	0	0
historical_1p0	R2	364	NaN	NaN	0	0
historical_1p0	R1	365	NaN	NaN	0	1
historical_1p0	R2	365	NaN	NaN	0	1
historical_1p0	R1	366	NaN	NaN	0	0
historical_1p0	R2	366	NaN	NaN	0	0
historical_1p0	R1	367	NaN	NaN	0	0
historical_1p0	R2	367	NaN	NaN	0	0
historical_1p0	R1	368	NaN	NaN	0	0
historical_1p0	R2	368	NaN	NaN	0	0
historical_1p0	R1	369	NaN	NaN	1	0
historical_1p0	R2	369	NaN	NaN	0	1
historical_1p0	R1	370	NaN	NaN	0	1
historical_1p0	R2	370	NaN	NaN	0	0
historical_1p0	R1	371	NaN	NaN	0	0
historical_1p0	R2	371	NaN	NaN	0	0
historical_1p0	R1	372	NaN	NaN	0	0
historical_1p0	R2	372	NaN	NaN	0	0
historical_1p0	R1	373	NaN	NaN	0	0
historical_1p0	R2	373	NaN	NaN	0	1
historical_1p0	R1	374	NaN	NaN	0	0
historical_1p0	R2	374	NaN	NaN	0	0
historical_1p0	R1	375	NaN	NaN	0	1
historical_1p0	R2	375	NaN	NaN	0	0
historical_1p0	R1	376	NaN	NaN	0	1
historical_1p0	R2	376	NaN	NaN	0	0
historical_1p0	R1	377	NaN	NaN	0	0
historical_1p0	R2	377	NaN	NaN	0	1
historical_1p0	R1	378	NaN	NaN	0	0
historical_1p0	R2	378	NaN	NaN	0	0
historical_1p0	R1	379	NaN	NaN	0	0
historical_1p0	R2	379	NaN	NaN	0	0
historical_1p0	R1	380	NaN	NaN	0	1
historical_1p0	R2	380	NaN	NaN	0	0
historical_1p0	R1	381	NaN	NaN	0	0
historical_1p0	R2	381	NaN	NaN	0	0
historical_1p0	R1	382	NaN	NaN	0	0
historical_1p0	R2	382	NaN	NaN	0	1
historical_1p0	R1	383	NaN	NaN	0	0
historical_1p0	R2	383	NaN	NaN	0	1
historical_1p0	R1	384	NaN	NaN	0	1
historical_1p0	R2	384	NaN	NaN	0	0
historical_1p0	R1	385	NaN	NaN	0	1
historical_1p0	R2	385	NaN	NaN	1	0
historical_1p0	R1	386	NaN	NaN	0	0
historical_1p0	R2	386	NaN	NaN	0	0
historical_1p0	R1	387	NaN	NaN	0	1
historical_1p0	R2	387	NaN	NaN	0	1
historical_1p0	R1	388	NaN	NaN	0	0
historical_1p0	R2	388	NaN	NaN	0	0
historical_1p0	R1	389	NaN	NaN	0	1
historical_1p0	R2	389	NaN	NaN	0	0
historical_1p0	R1	390	NaN	NaN	0	0
historical_1p0	R2	390	NaN	NaN	0	0
historical_1p0	R1	391	NaN	NaN	0	0
historical_1p0	R2	391	NaN	NaN	0	0
historical_1p0	R1	392	NaN	NaN	0	1
historical_1p0	R2	392	NaN	NaN	0	0
historical_1p0	R1	393	NaN	NaN	0	0
historical_1p0	R2	393	NaN	NaN	0	1
historical_1p0	R1	394	NaN	NaN	0	1
historical_1p0	R2	394	NaN	NaN	0	1
historical_1p0	R1	395	NaN	NaN	0	1
historical_1p0	R2	395	NaN	NaN	0	0
historical_1p0	R1	396	NaN	NaN	0	1
historical_1p0	R2	396	NaN	NaN	0	1
historical_1p0	R1	397	NaN	NaN	0	0
historical_1p0	R2	397	NaN	NaN	0	0
historical_1p0	R1	398	NaN	NaN	0	1
historical_1p0	R2	398	NaN	NaN	0	0
historical_1p0	R1	399	NaN	NaN	0	0
historical_1p0	R2	399	NaN	NaN	0	0
historical_1p0	R1	400	NaN	NaN	0	0
historical_1p0	R2	400	NaN	NaN	0	1
