cell_id	seed_index	world_seed	checkpoint_sha256	run	observed	p_two_sided	p_maxstat
M01	1	20360828.0	712F1F0537F469AE9C7413BEDD14ABACA7D4E4FCE6B7104050622F834FB78EBE	R1	-0.00015191809010719438	0.237823486328125	0.237823486328125
M01	1	20360828.0	712F1F0537F469AE9C7413BEDD14ABACA7D4E4FCE6B7104050622F834FB78EBE	R2	-0.0002862961840011362	0.03076171875	0.03076171875
M01	2	20360829.0	DEF4F33683F5D13B01D8539CB175D768058F1EF4F05FD888B99FB8BD88E51959	R1	-0.00030029845096860356	0.00482177734375	0.00482177734375
M01	2	20360829.0	DEF4F33683F5D13B01D8539CB175D768058F1EF4F05FD888B99FB8BD88E51959	R2	-4.024972576327126e-05	0.782958984375	0.782958984375
M01	3	20360830.0	1582BE55B3F31E117CAF569A4FB470D485F265853A6DA7CCE734BFB7C85EEC21	R1	-0.00022994052143540116	0.043792724609375	0.043792724609375
M01	3	20360830.0	1582BE55B3F31E117CAF569A4FB470D485F265853A6DA7CCE734BFB7C85EEC21	R2	-0.00029743060743154577	0.010009765625	0.010009765625
M01	4	20360831.0	34F2710D90AC972414D94082739F756054902F8F32B3D5FE4A71B28C7929BE32	R1	-0.00017387533010253822	0.1610107421875	0.1610107421875
M01	4	20360831.0	34F2710D90AC972414D94082739F756054902F8F32B3D5FE4A71B28C7929BE32	R2	-0.00017663857481441567	0.157470703125	0.157470703125
M01	5	20360832.0	34EC86DBD3CCABB031CA9DC8C1A77451046A69CB3DD30DD52406CF1113DF60AE	R1	-0.0002754370994387148	0.0064697265625	0.0064697265625
M01	5	20360832.0	34EC86DBD3CCABB031CA9DC8C1A77451046A69CB3DD30DD52406CF1113DF60AE	R2	-0.00019492833628084532	0.091552734375	0.091552734375
M01	6	20360833.0	AF090DB9F788DBD8987B4A673B62A4FABFE4FF2750955BF7A7FAD24C784367E1	R1	-0.0001765985046047559	0.01446533203125	0.01446533203125
M01	6	20360833.0	AF090DB9F788DBD8987B4A673B62A4FABFE4FF2750955BF7A7FAD24C784367E1	R2	-0.0001954568252334544	0.0732421875	0.0732421875
M01	7	20360834.0	F1229EE0ECD25A6D3CDA2F6CCF59AC8ABC926869805D8A5D65D6A250C976A035	R1	-0.00045876587852289384	0.000396728515625	0.000396728515625
M01	7	20360834.0	F1229EE0ECD25A6D3CDA2F6CCF59AC8ABC926869805D8A5D65D6A250C976A035	R2	-0.00024754532740786303	0.056884765625	0.056884765625
M01	8	20360835.0	6D2639DCBB758D265F41AFCCF4271572683757F748E6FCDEC9E4A8C1F9FD1537	R1	-0.00037554493272810884	0.01611328125	0.01611328125
M01	8	20360835.0	6D2639DCBB758D265F41AFCCF4271572683757F748E6FCDEC9E4A8C1F9FD1537	R2	-8.076761925038764e-05	0.484619140625	0.484619140625
M01	9	20360836.0	2014C48619768C7DBD7CBF9C895661664D0D0FA1E761C19CF2FDE0FA886E06F3	R1	-0.00030609144934164027	0.008209228515625	0.008209228515625
M01	9	20360836.0	2014C48619768C7DBD7CBF9C895661664D0D0FA1E761C19CF2FDE0FA886E06F3	R2	-0.00011558716491865104	0.469970703125	0.469970703125
M01	10	20360837.0	64D54302A92F6E4B7BD206E8F872DE1171F715A1FF161FA2C72BC54DDD439393	R1	-0.00017571697377094555	0.112213134765625	0.112213134765625
M01	10	20360837.0	64D54302A92F6E4B7BD206E8F872DE1171F715A1FF161FA2C72BC54DDD439393	R2	-0.00012251609184090877	0.406005859375	0.406005859375
M01	11	20360838.0	21E9A079122B4C8BE242D4BFEF7CDCF0809642F2F1CFB0BA316186129A3162BD	R1	-0.00021833017470852622	0.094757080078125	0.094757080078125
M01	11	20360838.0	21E9A079122B4C8BE242D4BFEF7CDCF0809642F2F1CFB0BA316186129A3162BD	R2	-0.0003266556411159951	0.001220703125	0.001220703125
M01	12	20360839.0	0C14B9B78F730D728CA66F8BEEF2CF85BE1F5C55AF0DD2AECC1F29DF63DD7EDF	R1	-0.0001874984866460317	0.0841064453125	0.0841064453125
M01	12	20360839.0	0C14B9B78F730D728CA66F8BEEF2CF85BE1F5C55AF0DD2AECC1F29DF63DD7EDF	R2	-7.779410896894196e-05	0.513427734375	0.513427734375
M01	13	20360840.0	02217D58B7AF96D687830824D864C47AA688C5070B010279EB68298BB35D05B5	R1	-0.000272801912946993	0.014801025390625	0.014801025390625
M01	13	20360840.0	02217D58B7AF96D687830824D864C47AA688C5070B010279EB68298BB35D05B5	R2	-0.00020233610485525453	0.040283203125	0.040283203125
M01	14	20360841.0	F66D30D847EFB435462CBFD4F471241B6B6E3509DF360ED45B9D595EAD797D66	R1	-0.00019939262227020626	0.003265380859375	0.003265380859375
M01	14	20360841.0	F66D30D847EFB435462CBFD4F471241B6B6E3509DF360ED45B9D595EAD797D66	R2	-0.0003686760765771256	0.037841796875	0.037841796875
M01	15	20360842.0	D39F084658DD75E6DE456F8222E15AD4FA1691A70A38B9812AF60E2F4AD1AE46	R1	-3.280166809532142e-05	0.70782470703125	0.70782470703125
M01	15	20360842.0	D39F084658DD75E6DE456F8222E15AD4FA1691A70A38B9812AF60E2F4AD1AE46	R2	-0.0003116917809040304	0.0322265625	0.0322265625
M01	16	20360843.0	D30EC85CA9084C1DDE9136DBC63AA5962BB3F7DF835CC81A2F3FB60004573186	R1	-0.0004215252513817035	6.103515625e-05	6.103515625e-05
M01	16	20360843.0	D30EC85CA9084C1DDE9136DBC63AA5962BB3F7DF835CC81A2F3FB60004573186	R2	-0.00046099186767045307	0.002197265625	0.002197265625
M01	17	20360844.0	A6B90280A396881E24DB657ED5FF5E17CBA851357238191D0C62AA322E06527E	R1	-0.0005352924599216152	0.00152587890625	0.00152587890625
M01	17	20360844.0	A6B90280A396881E24DB657ED5FF5E17CBA851357238191D0C62AA322E06527E	R2	-0.0004355758926084715	0.001708984375	0.001708984375
M01	18	20360845.0	FA308A875E380F4E40FB532A3BC0335536DE26263012D259CEF3C0E0C486B235	R1	-0.00021373143356977924	0.0135498046875	0.0135498046875
M01	18	20360845.0	FA308A875E380F4E40FB532A3BC0335536DE26263012D259CEF3C0E0C486B235	R2	-0.00010285089181127281	0.3564453125	0.3564453125
M01	19	20360846.0	A1AB220BEF0B52ACD490B9D5C3B6C72461036370ACB3CB9A4B48CF4FBD36CDE6	R1	-0.000336693155682032	0.0018310546875	0.0018310546875
M01	19	20360846.0	A1AB220BEF0B52ACD490B9D5C3B6C72461036370ACB3CB9A4B48CF4FBD36CDE6	R2	-0.00019505973044579435	0.08642578125	0.08642578125
M01	20	20360847.0	3AF4B7FE4AC9CE5B9897D256201B6D55C011C571528FAE30E39EF449AC526346	R1	-0.0002929180251827791	0.003936767578125	0.003936767578125
M01	20	20360847.0	3AF4B7FE4AC9CE5B9897D256201B6D55C011C571528FAE30E39EF449AC526346	R2	-0.0003134267965258652	0.003662109375	0.003662109375
M01	21	20360848.0	A3AD0516248A2032E884B7984C20787204914019F9272B49FE26BD40232A7E79	R1	-0.00043474575902206547	0.00018310546875	0.00018310546875
M01	21	20360848.0	A3AD0516248A2032E884B7984C20787204914019F9272B49FE26BD40232A7E79	R2	-0.00016379870176495804	0.12255859375	0.12255859375
M01	22	20360849.0	3CF77C5213C1F9F9713C5C854B1BC5B7577AECF0A2E8D20B476C696F5E3A1BC1	R1	-0.00027266051798825833	0.01678466796875	0.01678466796875
M01	22	20360849.0	3CF77C5213C1F9F9713C5C854B1BC5B7577AECF0A2E8D20B476C696F5E3A1BC1	R2	-3.247414466304329e-05	0.81494140625	0.81494140625
M01	23	20360850.0	949C249B37515A3AD7BBD7EAC5B53E0F0D1E4FE360054F947BC777E667A527B5	R1	-0.0002603191457442029	0.037841796875	0.037841796875
M01	23	20360850.0	949C249B37515A3AD7BBD7EAC5B53E0F0D1E4FE360054F947BC777E667A527B5	R2	-0.00014682603276819952	0.1005859375	0.1005859375
M01	24	20360851.0	6DD2181CF832E8032B82602B5D5599F196C29D8CD483DC44BC85C62247BC82DF	R1	-0.0002267910062925952	0.0341796875	0.0341796875
M01	24	20360851.0	6DD2181CF832E8032B82602B5D5599F196C29D8CD483DC44BC85C62247BC82DF	R2	-0.00016308321634576946	0.233642578125	0.233642578125
M01	25	20360852.0	C7AE534EB2821FC3FA7DA6B265E563F1E3F14B7CF82969E84E57C3E81263AC32	R1	-0.00017098718798749771	0.0526123046875	0.0526123046875
M01	25	20360852.0	C7AE534EB2821FC3FA7DA6B265E563F1E3F14B7CF82969E84E57C3E81263AC32	R2	-0.00026650844062838175	0.0244140625	0.0244140625
M01	26	20360853.0	7A5FDB114BB94D2FF44DB5718C21C0C55A38258D73B37824E623B12E5CBAB5BA	R1	-0.0002786617412403491	0.043701171875	0.043701171875
M01	26	20360853.0	7A5FDB114BB94D2FF44DB5718C21C0C55A38258D73B37824E623B12E5CBAB5BA	R2	-8.516711379184474e-05	0.442138671875	0.442138671875
M01	27	20360854.0	0F2141AB03E47DBF36E5B7C35E254BF93FB68373BD54AB4B0B24F51196DC3F71	R1	-8.104621359005928e-05	0.412933349609375	0.412933349609375
M01	27	20360854.0	0F2141AB03E47DBF36E5B7C35E254BF93FB68373BD54AB4B0B24F51196DC3F71	R2	-0.00031898790748077717	0.025146484375	0.025146484375
M01	28	20360855.0	182B3CC4958A0B79FB94468B089CA808F4E1B0F26D55196FCA2E5EC1A3886D7A	R1	-0.00033488685786672097	0.000213623046875	0.000213623046875
M01	28	20360855.0	182B3CC4958A0B79FB94468B089CA808F4E1B0F26D55196FCA2E5EC1A3886D7A	R2	-5.14561850680936e-05	0.6162109375	0.6162109375
M01	29	20360856.0	B24C2C8C26DC3DE521233C061BA2D4BA4BCA1BA73787B71B531576FDB2D9319F	R1	-0.0001718648231085978	0.1092529296875	0.1092529296875
M01	29	20360856.0	B24C2C8C26DC3DE521233C061BA2D4BA4BCA1BA73787B71B531576FDB2D9319F	R2	-0.00019052562944242015	0.094482421875	0.094482421875
M01	30	20360857.0	2A5EBEA50F618658CE8D330055965D73FBAD0E5CBD1A99BCEFB0F903E133DF2C	R1	-0.00020275122271263076	0.116607666015625	0.116607666015625
M01	30	20360857.0	2A5EBEA50F618658CE8D330055965D73FBAD0E5CBD1A99BCEFB0F903E133DF2C	R2	-0.00018408148104065412	0.1318359375	0.1318359375
M01	31	20360858.0	40E9B03B3D902B679299028A14016D7A5A83EE084060AB8F1FD068E7C9F2F303	R1	-9.060583017247126e-05	0.245635986328125	0.245635986328125
M01	31	20360858.0	40E9B03B3D902B679299028A14016D7A5A83EE084060AB8F1FD068E7C9F2F303	R2	-0.0002965083460719768	0.048095703125	0.048095703125
M01	32	20360859.0	59E412A0B092CA8DF675272F5D04ACBB399DB4E05E43FACE5A51F19640AC479A	R1	-0.00029012771994817903	0.000274658203125	0.000274658203125
M01	32	20360859.0	59E412A0B092CA8DF675272F5D04ACBB399DB4E05E43FACE5A51F19640AC479A	R2	-0.00017162937708379018	0.140869140625	0.140869140625
M01	33	20360860.0	C588DF5555B6DBD07FFAFE3CCB52D44C667D34D804C3D29503A529ED5A338D3C	R1	-0.000343965937651066	0.006072998046875	0.006072998046875
M01	33	20360860.0	C588DF5555B6DBD07FFAFE3CCB52D44C667D34D804C3D29503A529ED5A338D3C	R2	-4.3766544980169276e-05	0.810546875	0.810546875
M01	34	20360861.0	0748DC45C78F9BC6DA6305BBE3A23D7545569B1FA2055FB776F8AB764BB54F4A	R1	-0.00022308195979031212	0.004364013671875	0.004364013671875
M01	34	20360861.0	0748DC45C78F9BC6DA6305BBE3A23D7545569B1FA2055FB776F8AB764BB54F4A	R2	-4.051079177218299e-05	0.724853515625	0.724853515625
M01	35	20360862.0	B00FABBB56F12F105ECE612D8B610473DC973562584F6BA0C801EDF4240EDEDB	R1	-0.0001766025773571768	0.002044677734375	0.002044677734375
M01	35	20360862.0	B00FABBB56F12F105ECE612D8B610473DC973562584F6BA0C801EDF4240EDEDB	R2	-0.00016318912811163163	0.308349609375	0.308349609375
M01	36	20360863.0	93B243D71E11FBBA64CF78F2F946C3804BE498C5E878AE7DCB34921B7CCE6CE8	R1	-0.0002738794559229831	0.00787353515625	0.00787353515625
M01	36	20360863.0	93B243D71E11FBBA64CF78F2F946C3804BE498C5E878AE7DCB34921B7CCE6CE8	R2	-0.00011720898536849899	0.336181640625	0.336181640625
M01	37	20360864.0	8EA191F6F381C3D56D1634A137DE576D5FAFB3121EBE88B3FC8406F18F18BBF0	R1	-0.00034828410079828967	0.000274658203125	0.000274658203125
M01	37	20360864.0	8EA191F6F381C3D56D1634A137DE576D5FAFB3121EBE88B3FC8406F18F18BBF0	R2	-0.0001378949562096128	0.162109375	0.162109375
M01	38	20360865.0	78DD835659181DE7AF47F15B0E54DD345CFB56D5B2F7FE7BFBEA72C40373F451	R1	-0.00017284099630089628	0.090179443359375	0.090179443359375
M01	38	20360865.0	78DD835659181DE7AF47F15B0E54DD345CFB56D5B2F7FE7BFBEA72C40373F451	R2	-0.00021329054861708174	0.17919921875	0.17919921875
M01	39	20360866.0	FA7332EA0DF118532AA09F9B3F3B748A40EFA78749535F6231EB05FC100F423F	R1	-0.00018610009633621217	0.08831787109375	0.08831787109375
M01	39	20360866.0	FA7332EA0DF118532AA09F9B3F3B748A40EFA78749535F6231EB05FC100F423F	R2	-0.00016629419438958222	0.038818359375	0.038818359375
M01	40	20360867.0	9DAD13B058C9AC22E99C88A29CC7BAB1EC8E441EA3A2C9DFCDDBACDCABFD97FE	R1	-0.00027442079550939327	0.00262451171875	0.00262451171875
M01	40	20360867.0	9DAD13B058C9AC22E99C88A29CC7BAB1EC8E441EA3A2C9DFCDDBACDCABFD97FE	R2	-9.106951821200971e-05	0.385986328125	0.385986328125
M01	41	20360868.0	D3A88D6D27BD4AAB594A7D7C0BF0E7316ADC6A217492BB53AADCAC40189F566C	R1	-0.00036111112141522163	0.000396728515625	0.000396728515625
M01	41	20360868.0	D3A88D6D27BD4AAB594A7D7C0BF0E7316ADC6A217492BB53AADCAC40189F566C	R2	-0.0001945119968503529	0.169921875	0.169921875
M01	42	20360869.0	FCB89574D44DC61D9AC0AE300E7097F6188DB4FFFD47739EA24900819F1DF5C7	R1	-7.195152162830305e-05	0.60406494140625	0.60406494140625
M01	42	20360869.0	FCB89574D44DC61D9AC0AE300E7097F6188DB4FFFD47739EA24900819F1DF5C7	R2	-0.00019226856893324792	0.067626953125	0.067626953125
M01	43	20360870.0	970641202BDA0285237D392BCCFBFE55E1D7F0165D40FC1F317BAA9A50393E29	R1	-0.00015439752441328547	0.032470703125	0.032470703125
M01	43	20360870.0	970641202BDA0285237D392BCCFBFE55E1D7F0165D40FC1F317BAA9A50393E29	R2	-0.00026114358546101	0.07275390625	0.07275390625
M01	44	20360871.0	B9BB3D323B5D0B6A97C7B7A03CB89C18F739FAD1B6DE454A6D9474C365209A95	R1	-0.00031934726953388755	9.1552734375e-05	9.1552734375e-05
M01	44	20360871.0	B9BB3D323B5D0B6A97C7B7A03CB89C18F739FAD1B6DE454A6D9474C365209A95	R2	-0.0003228102442031707	0.00732421875	0.00732421875
M01	45	20360872.0	D864A81299C3BE94B39C814E0B825603E55E5D4357980ED35B66887D1756FA03	R1	-0.0002383767456156362	0.040771484375	0.040771484375
M01	45	20360872.0	D864A81299C3BE94B39C814E0B825603E55E5D4357980ED35B66887D1756FA03	R2	-0.0002762811426160255	0.014892578125	0.014892578125
M01	46	20360873.0	3F1DC69D229D3F486A83E6F54768DC2120D4248EED382D759B83D0501DF6DB66	R1	-0.0002783352797854392	0.012176513671875	0.012176513671875
M01	46	20360873.0	3F1DC69D229D3F486A83E6F54768DC2120D4248EED382D759B83D0501DF6DB66	R2	-0.00029647040180119546	0.00439453125	0.00439453125
M01	47	20360874.0	10E93791F7060EF061F05F346FF5068C6ECC0403987C7D3A0C20B936DC4B9B4D	R1	-0.00020920311583875852	0.024322509765625	0.024322509765625
M01	47	20360874.0	10E93791F7060EF061F05F346FF5068C6ECC0403987C7D3A0C20B936DC4B9B4D	R2	-0.000149758420913771	0.290771484375	0.290771484375
M01	48	20360875.0	EB42AB9AEDD54B8E9FCB4C88B68BB6BA2CE8113E8653EF239E3B052B7077E98E	R1	-0.00028494045451517535	0.0013427734375	0.0013427734375
M01	48	20360875.0	EB42AB9AEDD54B8E9FCB4C88B68BB6BA2CE8113E8653EF239E3B052B7077E98E	R2	-0.00012061812571953533	0.249755859375	0.249755859375
M01	49	20360876.0	6522D2DDC54C2BFB11B0729126A55F1B9BCB3E80D58ABC692DE0D1419E6BA580	R1	-0.0003129907093548228	0.001617431640625	0.001617431640625
M01	49	20360876.0	6522D2DDC54C2BFB11B0729126A55F1B9BCB3E80D58ABC692DE0D1419E6BA580	R2	-0.00023280463511207635	0.07080078125	0.07080078125
M01	50	20360877.0	D7AE737B87EF838E65F95FB4EC062EED2E8E31F43629EEF4905A93B0575F2E12	R1	-0.00023253205703305284	0.020111083984375	0.020111083984375
M01	50	20360877.0	D7AE737B87EF838E65F95FB4EC062EED2E8E31F43629EEF4905A93B0575F2E12	R2	-0.00017642381711927121	0.264892578125	0.264892578125
M01	51	20360878.0	5680E6B220D98BEB5201A03D9E43A492B398F4F1549B6EB288483DB0DFE1C325	R1	-0.0004155347517792511	0.004150390625	0.004150390625
M01	51	20360878.0	5680E6B220D98BEB5201A03D9E43A492B398F4F1549B6EB288483DB0DFE1C325	R2	-0.0003635550921660059	0.005615234375	0.005615234375
M01	52	20360879.0	73B31FA2A66CAB9C3B7861B9A59183ED650B61A1650F69657293FDD92A729958	R1	-0.00022816219108275565	0.045562744140625	0.045562744140625
M01	52	20360879.0	73B31FA2A66CAB9C3B7861B9A59183ED650B61A1650F69657293FDD92A729958	R2	-0.00018096945570786436	0.115966796875	0.115966796875
M01	53	20360880.0	FD57EEFA9C0D596828DEAA72C5D80717E390EAF890B93EB1DC8889843AAB854D	R1	-0.00036662640463136324	0.005584716796875	0.005584716796875
M01	53	20360880.0	FD57EEFA9C0D596828DEAA72C5D80717E390EAF890B93EB1DC8889843AAB854D	R2	-0.00024403188048927892	0.09716796875	0.09716796875
M01	54	20360881.0	E6BB0A23452A3EEA5D09CC83C567756D062E4F54C6E8F92225CA1C9C5813D959	R1	-0.00013286802029556142	0.154144287109375	0.154144287109375
M01	54	20360881.0	E6BB0A23452A3EEA5D09CC83C567756D062E4F54C6E8F92225CA1C9C5813D959	R2	-0.00015294309446539273	0.153076171875	0.153076171875
M01	55	20360882.0	778A0D0E0DFEC16EF17538157F406D8C0E86822BA39F5FA94C3F1C80681336CD	R1	-0.00014059105655626607	0.267791748046875	0.267791748046875
M01	55	20360882.0	778A0D0E0DFEC16EF17538157F406D8C0E86822BA39F5FA94C3F1C80681336CD	R2	-0.00017284913882065165	0.141845703125	0.141845703125
M01	56	20360883.0	D362FD5F8D500ED2E1F7E544E8979DC71841C7A9085D78BDEDA7778E7796AB90	R1	-0.0002102616661489652	0.028839111328125	0.028839111328125
M01	56	20360883.0	D362FD5F8D500ED2E1F7E544E8979DC71841C7A9085D78BDEDA7778E7796AB90	R2	-0.00017963387369139197	0.031494140625	0.031494140625
M01	57	20360884.0	36AFE738A6993781ECDE505C1E73FFD41C647DF40CEBFC954B787C3635F4F8CC	R1	-0.00024263970928270376	0.0047607421875	0.0047607421875
M01	57	20360884.0	36AFE738A6993781ECDE505C1E73FFD41C647DF40CEBFC954B787C3635F4F8CC	R2	-0.00024719194562714805	0.123046875	0.123046875
M01	58	20360885.0	2287064A889F130EAA713A10AA22AA6B545A1B17A97AC2C5ABB6EB2CE547D2C5	R1	-7.859511644618379e-05	0.68585205078125	0.68585205078125
M01	58	20360885.0	2287064A889F130EAA713A10AA22AA6B545A1B17A97AC2C5ABB6EB2CE547D2C5	R2	-0.0002973032806559722	0.05322265625	0.05322265625
M01	59	20360886.0	5E532A92CCAE8CACD243D4271C2F407E87B1A9349EAE4C1924CA20DA5CD41C1A	R1	-0.0003191132459600069	0.0013427734375	0.0013427734375
M01	59	20360886.0	5E532A92CCAE8CACD243D4271C2F407E87B1A9349EAE4C1924CA20DA5CD41C1A	R2	-0.0002658165212036999	0.033935546875	0.033935546875
M01	60	20360887.0	7407B58C16942959628ABA7046A3A2FB5FED8094F3F667772339410D00D53456	R1	-0.0003320783303066965	0.004241943359375	0.004241943359375
M01	60	20360887.0	7407B58C16942959628ABA7046A3A2FB5FED8094F3F667772339410D00D53456	R2	-0.00038676052783994205	0.013671875	0.013671875
M01	61	20360888.0	913070ECCA12845886478C434F3541A65A673429C0DE1C242C847C90D4947F1E	R1	-0.0003806062110423017	0.0008544921875	0.0008544921875
M01	61	20360888.0	913070ECCA12845886478C434F3541A65A673429C0DE1C242C847C90D4947F1E	R2	-0.00036966549882615576	0.000244140625	0.000244140625
M01	62	20360889.0	9489E0D12C98E0C37BDA7E4B44C02079B453DBE963781BEC35B8F52755413258	R1	-0.0001643310864819606	0.243438720703125	0.243438720703125
M01	62	20360889.0	9489E0D12C98E0C37BDA7E4B44C02079B453DBE963781BEC35B8F52755413258	R2	-0.00014070015393546797	0.12060546875	0.12060546875
M01	63	20360890.0	04C2105EEB4C9680585DFC9EE8A89A9EBCF990F210BA2E64D18C284A9761C745	R1	-0.000161341691353017	0.154083251953125	0.154083251953125
M01	63	20360890.0	04C2105EEB4C9680585DFC9EE8A89A9EBCF990F210BA2E64D18C284A9761C745	R2	-9.22064778849616e-05	0.19873046875	0.19873046875
M01	64	20360891.0	3F4EE5719702BEE1F5BF1304F591796C9BCC0B4A8BDD3E2C45E2E7E4FF8630B2	R1	-0.00029643436938271	0.007415771484375	0.007415771484375
M01	64	20360891.0	3F4EE5719702BEE1F5BF1304F591796C9BCC0B4A8BDD3E2C45E2E7E4FF8630B2	R2	-0.0002860796001761727	0.00634765625	0.00634765625
M02	1	20360828.0	71FF0527292CECC14145AC028C4A6EC6AE167D937A8C1B460F4FD706189748F0	R1	-6.358372356028138e-05	0.552337646484375	0.552337646484375
M02	1	20360828.0	71FF0527292CECC14145AC028C4A6EC6AE167D937A8C1B460F4FD706189748F0	R2	-0.00027879550342292566	0.014404296875	0.014404296875
M02	2	20360829.0	1BF319A45EB3A690EADAD4CA58DF104366099A111997CD9B9131D93D112CD1A3	R1	-0.00011957648289794766	0.22064208984375	0.22064208984375
M02	2	20360829.0	1BF319A45EB3A690EADAD4CA58DF104366099A111997CD9B9131D93D112CD1A3	R2	1.307124057269069e-06	0.989990234375	0.989990234375
M02	3	20360830.0	AA4AA86CBFF248560FC903E2582303BE23A09EA9A33989C0DFBD51FA51392BD0	R1	-0.00017376883669045166	0.055023193359375	0.055023193359375
M02	3	20360830.0	AA4AA86CBFF248560FC903E2582303BE23A09EA9A33989C0DFBD51FA51392BD0	R2	-0.00021220553202274067	0.10595703125	0.10595703125
M02	4	20360831.0	015A34CAB0EF7923DED00749C5FAFE6C2B413EB186B9E0E7D2E433CFA59BA4BF	R1	-0.00018638155118992864	0.070953369140625	0.070953369140625
M02	4	20360831.0	015A34CAB0EF7923DED00749C5FAFE6C2B413EB186B9E0E7D2E433CFA59BA4BF	R2	-0.00014435319560725062	0.255859375	0.255859375
M02	5	20360832.0	E7E6C94F6BAA0A5BD708FB64A671193693DDC8A61972FB7C0D54F1D75D5CBD4F	R1	-0.0001975898250979362	0.004180908203125	0.004180908203125
M02	5	20360832.0	E7E6C94F6BAA0A5BD708FB64A671193693DDC8A61972FB7C0D54F1D75D5CBD4F	R2	-0.00021219600874040946	0.030517578125	0.030517578125
M02	6	20360833.0	C3514914552D5F7701E05DE8EAA6A849B07ED6493C1F7B2598F27B0A10C20922	R1	-3.229856317595191e-05	0.773468017578125	0.773468017578125
M02	6	20360833.0	C3514914552D5F7701E05DE8EAA6A849B07ED6493C1F7B2598F27B0A10C20922	R2	-0.00026822120547221635	0.03564453125	0.03564453125
M02	7	20360834.0	6EE23FCB3530BB99A73EEA9ADD55F4CA9B5803BA72F7E6760D46A31A5E86708D	R1	-0.00033799321808725916	0.000396728515625	0.000396728515625
M02	7	20360834.0	6EE23FCB3530BB99A73EEA9ADD55F4CA9B5803BA72F7E6760D46A31A5E86708D	R2	-0.000284701028003368	0.02294921875	0.02294921875
M02	8	20360835.0	2E6A13B5C23C88C73AB7F579D173B81B6DAB92AB5EEDE9EB0FD5540A29CF8737	R1	-0.00024761161395791474	0.04986572265625	0.04986572265625
M02	8	20360835.0	2E6A13B5C23C88C73AB7F579D173B81B6DAB92AB5EEDE9EB0FD5540A29CF8737	R2	-0.0001681603245944453	0.0859375	0.0859375
M02	9	20360836.0	F67DF845B44DA5C26CC54D00943968EC4DB149779AD640DA5A4060ECBFDB065C	R1	-0.0003575602341257143	0.00927734375	0.00927734375
M02	9	20360836.0	F67DF845B44DA5C26CC54D00943968EC4DB149779AD640DA5A4060ECBFDB065C	R2	-3.583081431403479e-05	0.816650390625	0.816650390625
M02	10	20360837.0	204E8E36881A4CF79118A931C7786DA5276816377874660A2B861F61345A435E	R1	-8.225762811605989e-05	0.421844482421875	0.421844482421875
M02	10	20360837.0	204E8E36881A4CF79118A931C7786DA5276816377874660A2B861F61345A435E	R2	-0.00011562520264608012	0.283203125	0.283203125
M02	11	20360838.0	CE3999D745EA208A3A49BFD34FE32FCB3976359EC5D6545BE64A7ABDF7CA320F	R1	-0.00010238710160108882	0.28216552734375	0.28216552734375
M02	11	20360838.0	CE3999D745EA208A3A49BFD34FE32FCB3976359EC5D6545BE64A7ABDF7CA320F	R2	-0.0002858055278975776	0.00439453125	0.00439453125
M02	12	20360839.0	8A4D2A6DEF1B2FC92CA0775AD2F863F26295498591316068332D48DE129B9E80	R1	-8.134373319688826e-05	0.430023193359375	0.430023193359375
M02	12	20360839.0	8A4D2A6DEF1B2FC92CA0775AD2F863F26295498591316068332D48DE129B9E80	R2	-8.902304753589059e-05	0.2099609375	0.2099609375
M02	13	20360840.0	0815865491AE25E8CFCF3BEB9BA82F717775F76FC557C45C5C012E24501D6EBC	R1	-0.0001376359280975187	0.106414794921875	0.106414794921875
M02	13	20360840.0	0815865491AE25E8CFCF3BEB9BA82F717775F76FC557C45C5C012E24501D6EBC	R2	-0.00018532596845651905	0.077392578125	0.077392578125
M02	14	20360841.0	52BEFC0B4D75FE1F95A57CC4611246D774D5B66B78F7BA3387F0D4FB2D77F789	R1	-0.00013548217303343486	0.103363037109375	0.103363037109375
M02	14	20360841.0	52BEFC0B4D75FE1F95A57CC4611246D774D5B66B78F7BA3387F0D4FB2D77F789	R2	-0.0001593723964085664	0.28466796875	0.28466796875
M02	15	20360842.0	DE9E1FC0596D78F6704A50FF2163FACE48E75F00DDD3286C42A0DA59C01DAC4D	R1	-2.858533629819401e-05	0.578857421875	0.578857421875
M02	15	20360842.0	DE9E1FC0596D78F6704A50FF2163FACE48E75F00DDD3286C42A0DA59C01DAC4D	R2	-0.00023126395484594021	0.18359375	0.18359375
M02	16	20360843.0	BD97B5A46B1DBB08A745F6C9E105C26687FC83A2E2DFF7779B660FDD1A49DF54	R1	-0.00037087323574812493	3.0517578125e-05	3.0517578125e-05
M02	16	20360843.0	BD97B5A46B1DBB08A745F6C9E105C26687FC83A2E2DFF7779B660FDD1A49DF54	R2	-0.00027540899154206844	0.01904296875	0.01904296875
M02	17	20360844.0	B82DB130A013A647198822BE3064590849100119A93F336B0ED03806F30FCCDD	R1	-0.00047294722177156485	0.00042724609375	0.00042724609375
M02	17	20360844.0	B82DB130A013A647198822BE3064590849100119A93F336B0ED03806F30FCCDD	R2	-0.00030762474628356917	0.007080078125	0.007080078125
M02	18	20360845.0	9F93C118DD21CB8E58748A8572F0985F289E9773268F76A3D40724ADBD96303B	R1	-0.00021157353689470572	0.003204345703125	0.003204345703125
M02	18	20360845.0	9F93C118DD21CB8E58748A8572F0985F289E9773268F76A3D40724ADBD96303B	R2	-9.651006626055101e-05	0.362548828125	0.362548828125
M02	19	20360846.0	D72E13D6FF7E9DE9C719BAC72226FD7110E71E666F1ED3C3F79A2B70F6C2F594	R1	-0.0002734763203262377	0.00311279296875	0.00311279296875
M02	19	20360846.0	D72E13D6FF7E9DE9C719BAC72226FD7110E71E666F1ED3C3F79A2B70F6C2F594	R2	-0.0002098971366279014	0.06494140625	0.06494140625
M02	20	20360847.0	9232B614554E1DE7137ED7E9359C7294C986CEE52C2ABF60412EA550658CB40F	R1	-0.00033286561474947995	0.0003662109375	0.0003662109375
M02	20	20360847.0	9232B614554E1DE7137ED7E9359C7294C986CEE52C2ABF60412EA550658CB40F	R2	-0.0004109716730230803	0.001708984375	0.001708984375
M02	21	20360848.0	40CD8D02B18B161DD2573FC00502F61ABC986CE26B50DB3112AC3A43F1B12BBD	R1	-0.0003878695183566346	0.000244140625	0.000244140625
M02	21	20360848.0	40CD8D02B18B161DD2573FC00502F61ABC986CE26B50DB3112AC3A43F1B12BBD	R2	-0.00011636415811901479	0.208984375	0.208984375
M02	22	20360849.0	79FE3DFBFD6C93326B7B00B4B95BD2B339E0BA22EE1B9C71C5A68CAFCA86B107	R1	-0.00018867238666278428	0.06268310546875	0.06268310546875
M02	22	20360849.0	79FE3DFBFD6C93326B7B00B4B95BD2B339E0BA22EE1B9C71C5A68CAFCA86B107	R2	8.126908556289891e-06	0.947265625	0.947265625
M02	23	20360850.0	341D6D933D6C8400F220F57444F5B1AB4A6ECB46AA8D1917ADABE8A5A9AD50A0	R1	-0.00019129795669288322	0.050048828125	0.050048828125
M02	23	20360850.0	341D6D933D6C8400F220F57444F5B1AB4A6ECB46AA8D1917ADABE8A5A9AD50A0	R2	-0.00022292256940399842	0.001953125	0.001953125
M02	24	20360851.0	54FD7EFBAD1BDA302F464E3DE8DC3C6340DB9D77223CD0BF735C2A09EAB8EEEF	R1	-0.00010759155141469602	0.265869140625	0.265869140625
M02	24	20360851.0	54FD7EFBAD1BDA302F464E3DE8DC3C6340DB9D77223CD0BF735C2A09EAB8EEEF	R2	-0.00019512042471401308	0.16357421875	0.16357421875
M02	25	20360852.0	592F85D3974ACCA22CB4215E1128D1D157E8D84E271E65F5A9A22CFEBA92B803	R1	-9.24827766835216e-05	0.208892822265625	0.208892822265625
M02	25	20360852.0	592F85D3974ACCA22CB4215E1128D1D157E8D84E271E65F5A9A22CFEBA92B803	R2	-0.00018501424822400063	0.048095703125	0.048095703125
M02	26	20360853.0	EC4BC592EFD308C3B52EDCB1DD75CD8373905121F30D8957138BFAE41BDD358C	R1	-0.00018581400693820746	0.089996337890625	0.089996337890625
M02	26	20360853.0	EC4BC592EFD308C3B52EDCB1DD75CD8373905121F30D8957138BFAE41BDD358C	R2	-7.949855633261189e-05	0.467041015625	0.467041015625
M02	27	20360854.0	EB77E1565D0FBA9DAABC5C5F91C2C70CF056FDDCE7A371013F15BCB1E4CF7059	R1	1.2790259391575647e-05	0.87200927734375	0.87200927734375
M02	27	20360854.0	EB77E1565D0FBA9DAABC5C5F91C2C70CF056FDDCE7A371013F15BCB1E4CF7059	R2	-0.0002707334817364562	0.041015625	0.041015625
M02	28	20360855.0	0516A81D18B9D20C6C4BC5D52293DB3B1C568CE88136CA0C95E9ADA6A3449104	R1	-0.00023865784185624035	0.00372314453125	0.00372314453125
M02	28	20360855.0	0516A81D18B9D20C6C4BC5D52293DB3B1C568CE88136CA0C95E9ADA6A3449104	R2	-2.871840617202405e-06	0.970458984375	0.970458984375
M02	29	20360856.0	68621FF3193F6636E514CD938727388E4692CFF1C3D4350CF3FF7387FE07222F	R1	-0.00015948118695054532	0.042694091796875	0.042694091796875
M02	29	20360856.0	68621FF3193F6636E514CD938727388E4692CFF1C3D4350CF3FF7387FE07222F	R2	-0.00015086916941356996	0.230712890625	0.230712890625
M02	30	20360857.0	65BB2F4D1267AF2F6869BB6727A6E4571D10BE733B55B2A534F347143ED53A54	R1	-0.0001294836808903555	0.2781982421875	0.2781982421875
M02	30	20360857.0	65BB2F4D1267AF2F6869BB6727A6E4571D10BE733B55B2A534F347143ED53A54	R2	-0.00011013225369630085	0.418701171875	0.418701171875
M02	31	20360858.0	146C83C63E7A7F1714AB703A8015CFFCEC0513E9122B7CDEB0349EB844B9E277	R1	-9.66886865462846e-05	0.2762451171875	0.2762451171875
M02	31	20360858.0	146C83C63E7A7F1714AB703A8015CFFCEC0513E9122B7CDEB0349EB844B9E277	R2	-0.0001284688578301462	0.176025390625	0.176025390625
M02	32	20360859.0	EC86D2F2758DE57585B8ECC126FF4472D0A7975325116FFB744DED05836256C7	R1	-0.0002176671016774209	0.009124755859375	0.009124755859375
M02	32	20360859.0	EC86D2F2758DE57585B8ECC126FF4472D0A7975325116FFB744DED05836256C7	R2	-0.00012179214312201386	0.27978515625	0.27978515625
M02	33	20360860.0	F3F19214713458CA2BD67379C8A0F37B1806408C0E7261B95F212EC5C50373AA	R1	-0.00020460028017442564	0.02783203125	0.02783203125
M02	33	20360860.0	F3F19214713458CA2BD67379C8A0F37B1806408C0E7261B95F212EC5C50373AA	R2	4.163658189594088e-05	0.740478515625	0.740478515625
M02	34	20360861.0	20849618FE3C59C21DEC04DF25047088945F47A3DD20FB976DD70AE453AB5746	R1	-0.00023575307404660124	0.009368896484375	0.009368896484375
M02	34	20360861.0	20849618FE3C59C21DEC04DF25047088945F47A3DD20FB976DD70AE453AB5746	R2	5.403111475481313e-05	0.626708984375	0.626708984375
M02	35	20360862.0	AF41D405053013B4372BC107DC02F9442B73ADDF4F03F167F8EFB09A3E6C076D	R1	1.1047706257538139e-05	0.894287109375	0.894287109375
M02	35	20360862.0	AF41D405053013B4372BC107DC02F9442B73ADDF4F03F167F8EFB09A3E6C076D	R2	-1.094181587051128e-05	0.934814453125	0.934814453125
M02	36	20360863.0	A1769A88531AE1F683E51F368C7D10D459A46C8707EDBFF4E1F3C4328CFCEBE6	R1	-0.0002299180689467092	0.00665283203125	0.00665283203125
M02	36	20360863.0	A1769A88531AE1F683E51F368C7D10D459A46C8707EDBFF4E1F3C4328CFCEBE6	R2	3.6201177226684335e-06	0.96826171875	0.96826171875
M02	37	20360864.0	758BA7D561529F800E98AB539211BC25C0C7E21829198BF02265679315BFCF56	R1	-0.0002687470827487795	0.02545166015625	0.02545166015625
M02	37	20360864.0	758BA7D561529F800E98AB539211BC25C0C7E21829198BF02265679315BFCF56	R2	-0.00019424961868825275	0.08984375	0.08984375
M02	38	20360865.0	75023992B5C3C6299103D3ED8486B97D58BF006BBE44951B046468F09AC876E9	R1	-0.00014391249808713214	0.1390380859375	0.1390380859375
M02	38	20360865.0	75023992B5C3C6299103D3ED8486B97D58BF006BBE44951B046468F09AC876E9	R2	-0.00022349628827682134	0.126953125	0.126953125
M02	39	20360866.0	29438AF91B944AD35FA0D00111BB20276B6412AC0271B6238C2907DE73DB3C6E	R1	-0.00023186875279114933	0.009002685546875	0.009002685546875
M02	39	20360866.0	29438AF91B944AD35FA0D00111BB20276B6412AC0271B6238C2907DE73DB3C6E	R2	-0.00014597141229949633	0.105224609375	0.105224609375
M02	40	20360867.0	BB3F5E51218E5C3B51BBB1115AF8110B9349F8E0B50649C1684E9C169190B908	R1	-0.0002961839662378738	0.000946044921875	0.000946044921875
M02	40	20360867.0	BB3F5E51218E5C3B51BBB1115AF8110B9349F8E0B50649C1684E9C169190B908	R2	-8.026728972130254e-05	0.449462890625	0.449462890625
M02	41	20360868.0	6D8B5804951F0AB9D81B431622E4C673EE39848CDDE1CFB413D872802675A618	R1	-0.00022162366212938507	0.015380859375	0.015380859375
M02	41	20360868.0	6D8B5804951F0AB9D81B431622E4C673EE39848CDDE1CFB413D872802675A618	R2	-0.00016050263047743746	0.2373046875	0.2373046875
M02	42	20360869.0	C0654E91E406F39C1CBF94502C9598B07DCAA4FF44DE7AAD9A7BF8F91BE37DBA	R1	1.2706067786161134e-05	0.89752197265625	0.89752197265625
M02	42	20360869.0	C0654E91E406F39C1CBF94502C9598B07DCAA4FF44DE7AAD9A7BF8F91BE37DBA	R2	-5.7794716379635343e-05	0.505859375	0.505859375
M02	43	20360870.0	B7DC488DF52610ACDA98831319A73E82E308CFBF8616E7B9F7B3F8A97A4DAD19	R1	-7.908369954349461e-05	0.416015625	0.416015625
M02	43	20360870.0	B7DC488DF52610ACDA98831319A73E82E308CFBF8616E7B9F7B3F8A97A4DAD19	R2	-0.00015664113287919068	0.097900390625	0.097900390625
M02	44	20360871.0	051336EAA4E20C4AB5654D43022DC6E19C334D3824176E5B6F5496E43A29ECEC	R1	-0.00022237259451676373	0.000640869140625	0.000640869140625
M02	44	20360871.0	051336EAA4E20C4AB5654D43022DC6E19C334D3824176E5B6F5496E43A29ECEC	R2	-0.0001285870818414711	0.226318359375	0.226318359375
M02	45	20360872.0	E350F6837BB3F25C7D6DA3F7F9639AC3F35EE91695E343297B1536FC57AE721A	R1	-0.00019006375032798925	0.060638427734375	0.060638427734375
M02	45	20360872.0	E350F6837BB3F25C7D6DA3F7F9639AC3F35EE91695E343297B1536FC57AE721A	R2	-0.00025698307760610147	0.006591796875	0.006591796875
M02	46	20360873.0	34CDAEA5116565C87FA9C29141AB797DCFA9639F21AE72DFECB380D87B574F99	R1	-0.00016238855353584682	0.053985595703125	0.053985595703125
M02	46	20360873.0	34CDAEA5116565C87FA9C29141AB797DCFA9639F21AE72DFECB380D87B574F99	R2	-0.00028484896053619413	0.01318359375	0.01318359375
M02	47	20360874.0	95416B5EC3F7C257791C9A4E135621DEDE5E96BC04B8C887AA10BDA14733C995	R1	-0.00015414444021358202	0.131500244140625	0.131500244140625
M02	47	20360874.0	95416B5EC3F7C257791C9A4E135621DEDE5E96BC04B8C887AA10BDA14733C995	R2	-7.579278668007016e-05	0.5576171875	0.5576171875
M02	48	20360875.0	7B5ECE6D578C31FAF22CF672D7004F838F46AEDAD61FDFA14DB7A0DE9FA6A614	R1	-0.00011407606849340302	0.063507080078125	0.063507080078125
M02	48	20360875.0	7B5ECE6D578C31FAF22CF672D7004F838F46AEDAD61FDFA14DB7A0DE9FA6A614	R2	-0.00016236642760667833	0.086181640625	0.086181640625
M02	49	20360876.0	1D598B3175481C8DD7A18F681792D6E17938E74B18D5ECDBEB71671CCCABFF40	R1	-0.0002436568804134666	0.01434326171875	0.01434326171875
M02	49	20360876.0	1D598B3175481C8DD7A18F681792D6E17938E74B18D5ECDBEB71671CCCABFF40	R2	-0.0001701564910393849	0.2529296875	0.2529296875
M02	50	20360877.0	98DD520569607445F83ED361BD5AA1E8791551730A2DC474A391C20534CFDEE6	R1	-3.573977484166855e-05	0.658233642578125	0.658233642578125
M02	50	20360877.0	98DD520569607445F83ED361BD5AA1E8791551730A2DC474A391C20534CFDEE6	R2	-9.862494662003738e-05	0.54296875	0.54296875
M02	51	20360878.0	3EC9C8FFEA89FE950D5F6A822698D2B10B5867CD5222945BF8699AC70941143B	R1	-0.00034487016407349383	0.002288818359375	0.002288818359375
M02	51	20360878.0	3EC9C8FFEA89FE950D5F6A822698D2B10B5867CD5222945BF8699AC70941143B	R2	-0.0002486916293101046	0.02099609375	0.02099609375
M02	52	20360879.0	A1AFB1A25AC7239F87F92A110F8373FBB3539844F3293895CF79653D45FEE50E	R1	-0.00016218510139582318	0.1998291015625	0.1998291015625
M02	52	20360879.0	A1AFB1A25AC7239F87F92A110F8373FBB3539844F3293895CF79653D45FEE50E	R2	-0.00012968423580736756	0.2021484375	0.2021484375
M02	53	20360880.0	B1BC13B5DD3702E1C6EF85D155E60E8F56D804595A99B7CD3E4BF9ED3397CDCB	R1	-0.00030796723695638027	0.000762939453125	0.000762939453125
M02	53	20360880.0	B1BC13B5DD3702E1C6EF85D155E60E8F56D804595A99B7CD3E4BF9ED3397CDCB	R2	-0.0002472994063114352	0.033447265625	0.033447265625
M02	54	20360881.0	4A804C3459CAD46DD61193D201FB646C3B49DFBCF781DA4DB081C5376CDFEAA9	R1	-0.00012493351564895933	0.076141357421875	0.076141357421875
M02	54	20360881.0	4A804C3459CAD46DD61193D201FB646C3B49DFBCF781DA4DB081C5376CDFEAA9	R2	-0.00013412522935116826	0.25244140625	0.25244140625
M02	55	20360882.0	E4CC658349C3BD396C4539482D34F17C42C77549D4AF9308F482A450E8AB6B02	R1	-0.00012190656792118708	0.282928466796875	0.282928466796875
M02	55	20360882.0	E4CC658349C3BD396C4539482D34F17C42C77549D4AF9308F482A450E8AB6B02	R2	-0.00011539052327425158	0.248779296875	0.248779296875
M02	56	20360883.0	A72C964BAB778C07917D5BC8C9CEBB180D21F3905A943D160CF8880DE34C86A7	R1	-0.00011937477714514147	0.160369873046875	0.160369873046875
M02	56	20360883.0	A72C964BAB778C07917D5BC8C9CEBB180D21F3905A943D160CF8880DE34C86A7	R2	-5.93350122787901e-05	0.5908203125	0.5908203125
M02	57	20360884.0	EB07FCA431C7EDDB111A2BE1B71F401B2DF1DCBB0C1BE94D7B40B71C50E71696	R1	-0.00021226371167698595	0.040557861328125	0.040557861328125
M02	57	20360884.0	EB07FCA431C7EDDB111A2BE1B71F401B2DF1DCBB0C1BE94D7B40B71C50E71696	R2	-0.00026462140671326006	0.01806640625	0.01806640625
M02	58	20360885.0	1219452C32CECAE0048E8CB07ACBCDC0557D0008308A461FEC13B1553AAF75ED	R1	2.6282423954869092e-05	0.874176025390625	0.874176025390625
M02	58	20360885.0	1219452C32CECAE0048E8CB07ACBCDC0557D0008308A461FEC13B1553AAF75ED	R2	-0.00030394266599512225	0.0244140625	0.0244140625
M02	59	20360886.0	A12DC76B91A6DFCFD49E9D10621324602F454AB10397012599E6F6CAE44F3B5E	R1	-0.00026705770251639566	0.0032958984375	0.0032958984375
M02	59	20360886.0	A12DC76B91A6DFCFD49E9D10621324602F454AB10397012599E6F6CAE44F3B5E	R2	-0.00010171309763423024	0.25830078125	0.25830078125
M02	60	20360887.0	7F6A490FE0C66094BE503B57159EBF2E1705F27304933E450F8A587E8BA2F1F8	R1	-0.0001873521042650145	0.079132080078125	0.079132080078125
M02	60	20360887.0	7F6A490FE0C66094BE503B57159EBF2E1705F27304933E450F8A587E8BA2F1F8	R2	-0.00017073566273500168	0.1435546875	0.1435546875
M02	61	20360888.0	C87A1721E877CC446616D0422BB0BE6A45113D949A19265D30AA8A5D2EB42C88	R1	-0.00026828939859144203	0.00177001953125	0.00177001953125
M02	61	20360888.0	C87A1721E877CC446616D0422BB0BE6A45113D949A19265D30AA8A5D2EB42C88	R2	-0.00026939917197630004	0.028564453125	0.028564453125
M02	62	20360889.0	76B76396A9AA60F420ACB8BC5322B9B9F14C881A45BE62EBC6BAA80ADA75843A	R1	-9.073992039194498e-05	0.40875244140625	0.40875244140625
M02	62	20360889.0	76B76396A9AA60F420ACB8BC5322B9B9F14C881A45BE62EBC6BAA80ADA75843A	R2	-5.353306470001927e-05	0.57666015625	0.57666015625
M02	63	20360890.0	540AC2537CB7890B6667DC15D82A611B5D1BCBEED50CF42A53B995EAE19721B8	R1	-8.808430526808592e-05	0.315032958984375	0.315032958984375
M02	63	20360890.0	540AC2537CB7890B6667DC15D82A611B5D1BCBEED50CF42A53B995EAE19721B8	R2	-6.952756143775458e-05	0.321044921875	0.321044921875
M02	64	20360891.0	F3DF325DED93CA0CBA1CCD3DB3BB1FD6625E2DAC34AD5C1A13877D6FA5907C51	R1	-0.00022518286967422683	0.003204345703125	0.003204345703125
M02	64	20360891.0	F3DF325DED93CA0CBA1CCD3DB3BB1FD6625E2DAC34AD5C1A13877D6FA5907C51	R2	-0.00021368488866239005	0.009033203125	0.009033203125
